code,period,period_type,sales_m,op_profit_m,net_profit_m,eps,dps,source
1301,2022.03,annual,253575.0,6392.0,4634.0,430.8,90.0,kabutan
1301,2023.03,annual,272167.0,8105.0,5782.0,539.1,100.0,kabutan
1301,2024.03,annual,261604.0,8806.0,5936.0,548.6,100.0,kabutan
1301,2025.03,annual,302681.0,11079.0,6740.0,567.5,130.0,kabutan
1301,2026.03,annual,330000.0,11100.0,6700.0,564.1,150.0,kabutan
1332,2022.03,annual,693682.0,27076.0,17275.0,55.5,14.0,kabutan
1332,2023.03,annual,768181.0,24488.0,21233.0,68.2,18.0,kabutan
1332,2024.03,annual,831375.0,29663.0,23850.0,76.7,24.0,kabutan
1332,2025.03,annual,886126.0,31779.0,25381.0,81.7,28.0,kabutan
1332,2026.03,annual,928000.0,38000.0,27500.0,90.7,32.0,kabutan
1333,2022.03,annual,866702.0,23819.0,16898.0,107.0,18.33,kabutan
1333,2023.03,annual,1020456.0,29575.0,18596.0,121.2,21.67,kabutan
1333,2024.03,annual,1030674.0,26534.0,20853.0,137.9,28.33,kabutan
1333,2025.03,annual,1078631.0,30381.0,23264.0,154.0,36.67,kabutan
1333,2026.03,annual,1080000.0,30000.0,19500.0,129.0,40.67,kabutan
1375,2022.03,annual,47081.0,4975.0,2989.0,74.9,30.0,kabutan
1375,2023.03,annual,42204.0,2191.0,1181.0,29.6,20.0,kabutan
1375,2024.03,annual,47476.0,2798.0,1350.0,33.9,11.0,kabutan
1375,2025.03,annual,53139.0,2419.0,1502.0,37.7,15.0,kabutan
1375,2026.03,annual,51970.0,3270.0,2010.0,50.4,16.0,kabutan
1376,2022.05,annual,60691.0,1835.0,1302.0,111.8,29.0,kabutan
1376,2023.05,annual,62179.0,1785.0,1426.0,123.6,31.0,kabutan
1376,2024.05,annual,61598.0,1478.0,1177.0,103.3,33.0,kabutan
1376,2025.05,annual,64508.0,1511.0,1200.0,107.0,38.0,kabutan
1376,2026.05,annual,66500.0,1900.0,1500.0,136.8,38.0,kabutan
1377,2022.05,annual,73049.0,11181.0,12256.0,276.0,45.0,kabutan
1377,2023.05,annual,77263.0,10918.0,9489.0,214.0,55.0,kabutan
1377,2024.05,annual,88677.0,10495.0,16162.0,365.2,65.0,kabutan
1377,2025.05,annual,92920.0,12257.0,9711.0,222.6,75.0,kabutan
1377,2026.05,annual,101000.0,12500.0,10000.0,236.6,75.0,kabutan
1379,2022.03,annual,70932.0,2014.0,2530.0,80.3,60.0,kabutan
1379,2023.03,annual,72980.0,-2948.0,-2037.0,-64.4,40.0,kabutan
1379,2024.03,annual,79426.0,3180.0,3525.0,111.2,50.0,kabutan
1379,2025.03,annual,83104.0,6628.0,4441.0,140.6,50.0,kabutan
1379,2026.03,annual,84700.0,5830.0,5760.0,183.9,55.0,kabutan
1380,2022.03,annual,6638.0,115.0,159.0,38.3,10.0,kabutan
1380,2023.03,annual,7070.0,19.0,156.0,37.4,10.0,kabutan
1380,2024.03,annual,7392.0,11.0,98.0,23.6,10.0,kabutan
1380,2025.03,annual,7957.0,-3.0,28.0,6.8,10.0,kabutan
1380,2026.03,annual,8360.0,102.0,70.0,16.8,10.0,kabutan
1381,2022.06,annual,21725.0,2453.0,1943.0,346.1,95.0,kabutan
1381,2023.06,annual,24101.0,1911.0,1410.0,251.2,96.5,kabutan
1381,2024.06,annual,25836.0,1570.0,1239.0,220.7,98.5,kabutan
1381,2025.06,annual,26426.0,2121.0,1720.0,306.4,112.5,kabutan
1381,2026.06,annual,28700.0,2700.0,2000.0,356.2,112.5,kabutan
1382,2022.06,annual,2604.0,148.0,142.0,186.7,55.0,kabutan
1382,2023.06,annual,2489.0,135.0,110.0,144.9,50.0,kabutan
1382,2024.06,annual,2519.0,32.0,20.0,26.3,50.0,kabutan
1382,2025.06,annual,2412.0,38.0,24.0,32.4,50.0,kabutan
1382,2026.06,annual,2482.0,24.0,18.0,23.6,50.0,kabutan
1383,2022.10,annual,6393.0,-58.0,202.0,142.4,10.0,kabutan
1383,2023.10,annual,7061.0,76.0,78.0,50.9,10.0,kabutan
1383,2024.10,annual,7094.0,22.0,39.0,25.0,10.0,kabutan
1383,2025.10,annual,7303.0,-32.0,48.0,30.2,10.0,kabutan
1383,2026.10,annual,8000.0,110.0,54.0,33.7,10.0,kabutan
1384,2022.03,annual,15359.0,878.0,1191.0,140.8,15.0,kabutan
1384,2023.03,annual,17823.0,1318.0,745.0,88.1,20.0,kabutan
1384,2024.03,annual,18901.0,2245.0,1656.0,195.8,40.0,kabutan
1384,2025.03,annual,19397.0,1925.0,2181.0,257.9,70.0,kabutan
1384,2026.03,annual,23200.0,4850.0,3400.0,402.0,120.0,kabutan
1401,2022.05,annual,4030.0,440.0,325.0,42.4,5.0,kabutan
1401,2023.05,annual,4004.0,432.0,322.0,42.6,6.0,kabutan
1401,2024.05,annual,4356.0,495.0,403.0,54.1,8.0,kabutan
1401,2025.05,annual,4713.0,626.0,472.0,65.0,13.0,kabutan
1401,2026.05,annual,5200.0,700.0,500.0,72.1,15.0,kabutan
1407,2022.08,annual,67169.0,7770.0,4257.0,104.7,55.0,kabutan
1407,2023.08,annual,43734.0,8499.0,6016.0,148.0,55.0,kabutan
1407,2024.08,annual,50390.0,10597.0,6757.0,167.5,65.0,kabutan
1407,2025.08,annual,47250.0,8646.0,5357.0,135.1,65.0,kabutan
1407,2026.08,annual,54460.0,11376.0,6602.0,166.5,70.0,kabutan
1414,2022.06,annual,81193.0,17267.0,12366.0,57.8,29.5,kabutan
1414,2023.06,annual,83924.0,18124.0,12887.0,60.9,31.75,kabutan
1414,2024.06,annual,85419.0,19666.0,14321.0,68.4,34.75,kabutan
1414,2025.06,annual,90712.0,20794.0,15061.0,73.0,43.88,kabutan
1414,2026.06,annual,91000.0,21000.0,15300.0,76.0,45.5,kabutan
1417,2022.03,annual,470385.0,32804.0,25163.0,250.8,55.0,kabutan
1417,2023.03,annual,483987.0,21803.0,14781.0,151.2,60.0,kabutan
1417,2024.03,annual,518384.0,17830.0,12535.0,133.3,65.0,kabutan
1417,2025.03,annual,578599.0,27985.0,17179.0,189.4,75.0,kabutan
1417,2026.03,annual,620000.0,34000.0,21000.0,236.8,85.0,kabutan
1418,2022.02,annual,11794.0,45.0,71.0,3.7,4.0,kabutan
1418,2023.02,annual,11460.0,168.0,179.0,11.3,5.0,kabutan
1418,2024.02,annual,12626.0,270.0,384.0,24.8,8.0,kabutan
1418,2025.02,annual,16940.0,875.0,705.0,45.4,20.0,kabutan
1418,2026.02,annual,16500.0,1100.0,750.0,49.2,25.0,kabutan
1419,2022.05,annual,240760.0,11893.0,8283.0,282.3,125.0,kabutan
1419,2023.05,annual,256065.0,13264.0,8715.0,298.4,180.0,kabutan
1419,2024.05,annual,247733.0,12586.0,8752.0,301.9,190.0,kabutan
1419,2025.05,annual,200817.0,4113.0,1478.0,51.0,195.0,kabutan
1419,2026.05,annual,209000.0,4700.0,1350.0,46.6,196.0,kabutan
1420,2022.03,annual,51123.0,548.0,326.0,29.5,25.0,kabutan
1420,2023.03,annual,40970.0,-149.0,-245.0,-22.2,25.0,kabutan
1420,2024.03,annual,45860.0,952.0,648.0,58.3,25.0,kabutan
1420,2025.03,annual,45518.0,956.0,673.0,60.2,25.0,kabutan
1420,2026.03,annual,61000.0,2000.0,1200.0,100.7,25.0,kabutan
1429,2022.12,annual,25670.0,2329.0,1549.0,48.0,24.0,kabutan
1429,2023.12,annual,28341.0,2881.0,2004.0,63.8,32.0,kabutan
1429,2024.12,annual,30265.0,2575.0,1839.0,58.6,34.0,kabutan
1429,2025.12,annual,33670.0,2774.0,1895.0,59.4,35.0,kabutan
1429,2026.12,annual,37000.0,2900.0,1972.0,61.2,35.0,kabutan
1430,2022.05,annual,30178.0,1919.0,1269.0,105.8,32.0,kabutan
1430,2023.05,annual,25543.0,1983.0,1364.0,114.8,35.0,kabutan
1430,2024.05,annual,28485.0,1453.0,944.0,79.2,31.0,kabutan
1430,2025.05,annual,43194.0,2579.0,1669.0,139.7,42.0,kabutan
1430,2026.05,annual,40000.0,2800.0,1750.0,146.0,44.0,kabutan
1431,2022.06,annual,13761.0,666.0,444.0,19.9,5.8,kabutan
1431,2023.06,annual,14183.0,299.0,173.0,7.8,6.4,kabutan
1431,2024.06,annual,15435.0,495.0,387.0,17.2,6.4,kabutan
1431,2025.06,annual,16004.0,833.0,494.0,21.2,6.4,kabutan
1431,2026.06,annual,15000.0,500.0,190.0,8.2,6.4,kabutan
1433,2023.01,annual,5458.0,-215.0,-64.0,-7.3,20.0,kabutan
1433,2024.01,annual,9394.0,246.0,231.0,26.1,20.0,kabutan
1433,2025.01,annual,10897.0,373.0,409.0,46.3,20.0,kabutan
1433,2026.01,annual,11140.0,741.0,732.0,81.4,40.0,kabutan
1433,2027.01,annual,13000.0,1000.0,700.0,79.0,40.0,kabutan
1434,2022.08,annual,10381.0,775.0,512.0,76.7,15.0,kabutan
1434,2023.08,annual,11104.0,425.0,1182.0,174.2,30.0,kabutan
1434,2024.08,annual,14804.0,1143.0,1012.0,146.7,30.0,kabutan
1434,2025.08,annual,19067.0,1721.0,1076.0,155.3,40.0,kabutan
1434,2026.08,annual,20000.0,1800.0,1100.0,158.1,48.0,kabutan
1435,2022.12,annual,5421.0,645.0,719.0,8.0,2.0,kabutan
1435,2023.12,annual,8625.0,748.0,886.0,9.9,2.0,kabutan
1435,2024.12,annual,13157.0,1043.0,912.0,10.2,2.0,kabutan
1435,2025.12,annual,24068.0,1766.0,1989.0,22.1,2.0,kabutan
1435,2026.12,annual,35000.0,2400.0,2000.0,22.5,2.0,kabutan
1436,2022.04,annual,7186.0,478.0,282.0,68.0,10.0,kabutan
1436,2023.04,annual,8853.0,530.0,323.0,79.4,12.0,kabutan
1436,2024.04,annual,9676.0,514.0,330.0,81.1,12.0,kabutan
1436,2025.04,annual,11616.0,543.0,275.0,67.2,13.0,kabutan
1436,2026.04,annual,17000.0,800.0,440.0,106.7,15.0,kabutan
1438,2022.09,annual,4851.0,383.0,247.0,77.1,20.0,kabutan
1438,2023.09,annual,5002.0,390.0,298.0,93.3,25.0,kabutan
1438,2024.09,annual,5198.0,447.0,340.0,105.8,30.0,kabutan
1438,2025.09,annual,6271.0,538.0,384.0,118.6,36.0,kabutan
1438,2026.09,annual,6312.0,565.0,385.0,118.7,40.0,kabutan
1443,2022.03,annual,8179.0,982.0,466.0,28.7,1.0,kabutan
1443,2023.03,annual,5480.0,414.0,329.0,20.3,1.0,kabutan
1443,2024.03,annual,5169.0,529.0,444.0,27.4,1.0,kabutan
1443,2025.03,annual,4906.0,623.0,491.0,30.3,1.1,kabutan
1443,2026.03,annual,4900.0,750.0,640.0,39.4,1.1,kabutan
1444,2022.07,annual,3504.0,220.0,136.0,147.0,0.0,kabutan
1444,2023.07,annual,4166.0,148.0,69.0,63.9,0.0,kabutan
1444,2024.07,annual,4678.0,56.0,25.0,23.1,0.0,kabutan
1444,2025.07,annual,5279.0,72.0,202.0,186.4,0.0,kabutan
1444,2026.07,annual,5515.0,-16.0,-91.0,-83.7,0.0,kabutan
1446,2022.09,annual,11268.0,337.0,105.0,11.2,6.0,kabutan
1446,2023.09,annual,12309.0,452.0,224.0,24.5,6.0,kabutan
1446,2024.09,annual,13224.0,359.0,137.0,15.0,8.0,kabutan
1446,2025.09,annual,13860.0,420.0,196.0,21.2,8.0,kabutan
1446,2026.09,annual,15000.0,480.0,200.0,21.5,10.0,kabutan
1447,2022.03,annual,26346.0,238.0,-766.0,-35.6,0.0,kabutan
1447,2023.03,annual,30528.0,739.0,162.0,6.9,0.0,kabutan
1447,2024.03,annual,29270.0,713.0,183.0,7.6,0.0,kabutan
1447,2025.03,annual,28855.0,333.0,-129.0,-5.3,0.0,kabutan
1447,2026.03,annual,30060.0,813.0,156.0,6.4,,kabutan
1450,2022.03,annual,9824.0,1418.0,967.0,111.2,36.5,kabutan
1450,2023.03,annual,11246.0,1560.0,1086.0,124.9,40.0,kabutan
1450,2024.03,annual,10676.0,1608.0,1090.0,125.3,40.0,kabutan
1450,2025.03,annual,12286.0,2328.0,1576.0,181.2,55.0,kabutan
1450,2026.03,annual,14000.0,1700.0,1200.0,138.0,55.0,kabutan
1491,2022.03,annual,51590.0,586.0,546.0,37.8,20.0,kabutan
1491,2023.03,annual,84822.0,794.0,398.0,27.6,10.0,kabutan
1491,2024.03,annual,113758.0,363.0,218.0,15.2,10.0,kabutan
1491,2025.03,annual,162345.0,1417.0,1218.0,84.6,30.0,kabutan
1491,2026.03,annual,271000.0,2180.0,1280.0,89.0,,kabutan
1514,2022.03,annual,12405.0,2343.0,2268.0,41.0,5.0,kabutan
1514,2023.03,annual,39893.0,3840.0,3667.0,68.3,7.5,kabutan
1514,2024.03,annual,14416.0,-154.0,7530.0,144.7,60.0,kabutan
1514,2025.03,annual,10264.0,48.0,4195.0,76.8,30.0,kabutan
1514,2026.03,annual,9700.0,300.0,1600.0,26.8,15.0,kabutan
1515,2022.03,annual,149082.0,15715.0,9279.0,111.6,33.5,kabutan
1515,2023.03,annual,164020.0,13632.0,9780.0,117.6,35.5,kabutan
1515,2024.03,annual,166884.0,11177.0,6602.0,79.4,33.8,kabutan
1515,2025.03,annual,196766.0,10257.0,9019.0,109.4,44.8,kabutan
1515,2026.03,annual,205000.0,16500.0,10500.0,133.5,53.4,kabutan
1518,2022.03,annual,46592.0,8417.0,5396.0,83.0,16.0,kabutan
1518,2023.03,annual,80015.0,35789.0,22977.0,353.6,64.0,kabutan
1518,2024.03,annual,77472.0,25170.0,15117.0,241.9,20.0,kabutan
1518,2025.03,annual,60574.0,7615.0,8645.0,150.0,26.0,kabutan
1518,2026.03,annual,66600.0,9000.0,6400.0,166.3,64.0,kabutan
1605,2022.12,annual,2324660.0,1246408.0,461069.0,337.4,62.0,kabutan
1605,2023.12,annual,2164516.0,1114189.0,321708.0,248.6,74.0,kabutan
1605,2024.12,annual,2265837.0,1271789.0,427344.0,345.3,86.0,kabutan
1605,2025.12,annual,2011351.0,1135440.0,393836.0,330.8,100.0,kabutan
1605,2026.12,annual,1893000.0,957000.0,330000.0,284.0,108.0,kabutan
1662,2022.03,annual,249140.0,19809.0,-30988.0,-109.1,10.0,kabutan
1662,2023.03,annual,336492.0,62085.0,67394.0,247.3,74.0,kabutan
1662,2024.03,annual,325863.0,55247.0,53661.0,198.9,60.0,kabutan
1662,2025.03,annual,389082.0,62012.0,81153.0,314.9,55.0,kabutan
1662,2026.03,annual,347000.0,39000.0,45000.0,175.8,40.0,kabutan
1663,2022.12,annual,106200.0,7304.0,4766.0,179.3,32.0,kabutan
1663,2023.12,annual,96298.0,9668.0,6464.0,242.8,38.0,kabutan
1663,2024.12,annual,92421.0,8820.0,6167.0,231.4,42.0,kabutan
1663,2025.12,annual,91354.0,10594.0,8379.0,314.0,54.0,kabutan
1663,2026.12,annual,87000.0,9200.0,6300.0,236.0,60.0,kabutan
1711,2022.03,annual,1034.0,-260.0,-333.0,-55.2,0.0,kabutan
1711,2023.03,annual,3402.0,-155.0,-296.0,-34.6,0.0,kabutan
1711,2024.03,annual,4135.0,25.0,-105.0,-11.8,0.0,kabutan
1711,2025.03,annual,4035.0,-14.0,-151.0,-15.3,0.0,kabutan
1711,2026.03,annual,5035.0,120.0,-72.0,-6.9,0.0,kabutan
1716,2022.06,annual,20949.0,2502.0,1580.0,138.8,28.0,kabutan
1716,2023.06,annual,22164.0,2631.0,1946.0,172.0,35.0,kabutan
1716,2024.06,annual,20918.0,2455.0,1973.0,174.4,38.0,kabutan
1716,2025.06,annual,20228.0,1647.0,1327.0,117.7,40.0,kabutan
1716,2026.06,annual,20500.0,1925.0,1643.0,146.0,40.0,kabutan
1717,2022.03,annual,4260.0,865.0,606.0,53.0,28.0,kabutan
1717,2023.03,annual,4761.0,958.0,651.0,56.5,31.5,kabutan
1717,2024.03,annual,5266.0,1068.0,790.0,68.3,37.5,kabutan
1717,2025.03,annual,5716.0,1226.0,910.0,78.2,42.5,kabutan
1717,2026.03,annual,5890.0,1257.0,920.0,78.2,43.5,kabutan
1718,2022.12,annual,30758.0,1102.0,734.0,672.1,150.0,kabutan
1718,2023.12,annual,32203.0,1316.0,839.0,768.0,230.0,kabutan
1718,2024.12,annual,27292.0,1134.0,658.0,602.2,200.0,kabutan
1718,2025.12,annual,36151.0,2583.0,1571.0,1438.1,350.0,kabutan
1718,2026.12,annual,40000.0,1800.0,1100.0,1024.5,300.0,kabutan
1719,2022.03,annual,340293.0,26600.0,17671.0,98.8,40.0,kabutan
1719,2023.03,annual,372146.0,19853.0,15187.0,94.0,40.0,kabutan
1719,2024.03,annual,394128.0,18591.0,13878.0,88.6,60.0,kabutan
1719,2025.03,annual,425160.0,35243.0,26444.0,168.8,70.0,kabutan
1719,2026.03,annual,438000.0,32000.0,28400.0,181.1,80.0,kabutan
1720,2022.03,annual,258083.0,-6078.0,-7459.0,-71.1,25.0,kabutan
1720,2023.03,annual,288867.0,5107.0,5245.0,50.0,36.0,kabutan
1720,2024.03,annual,285681.0,8155.0,7266.0,69.0,37.0,kabutan
1720,2025.03,annual,293139.0,8839.0,6631.0,62.7,38.0,kabutan
1720,2026.03,annual,336000.0,13700.0,10300.0,97.0,39.0,kabutan
1721,2022.03,annual,589028.0,42963.0,29208.0,235.5,95.0,kabutan
1721,2023.03,annual,563295.0,32104.0,19338.0,158.8,100.0,kabutan
1721,2024.03,annual,571186.0,39221.0,27453.0,228.5,105.0,kabutan
1721,2025.03,annual,614631.0,45998.0,30076.0,253.5,115.0,kabutan
1721,2026.03,annual,620000.0,45000.0,31000.0,268.6,120.0,kabutan
1723,2022.03,annual,31669.0,4074.0,3029.0,47.3,14.25,kabutan
1723,2023.03,annual,34308.0,4502.0,3167.0,49.4,19.0,kabutan
1723,2024.03,annual,38894.0,6248.0,4672.0,73.2,23.0,kabutan
1723,2025.03,annual,43061.0,9120.0,6414.0,100.7,30.5,kabutan
1723,2026.03,annual,46000.0,11500.0,8073.0,126.7,38.0,kabutan
1724,2022.12,annual,9965.0,414.0,294.0,63.7,17.0,kabutan
1724,2023.12,annual,10443.0,546.0,433.0,93.4,25.0,kabutan
1724,2024.12,annual,11711.0,653.0,547.0,117.7,28.0,kabutan
1724,2025.12,annual,10488.0,351.0,242.0,52.1,28.0,kabutan
1724,2026.12,annual,11100.0,500.0,360.0,80.5,30.0,kabutan
1726,2022.03,annual,35899.0,2289.0,1527.0,33.9,12.0,kabutan
1726,2023.03,annual,36022.0,1636.0,1025.0,22.6,12.0,kabutan
1726,2024.03,annual,40259.0,2062.0,1353.0,29.8,14.0,kabutan
1726,2025.03,annual,40770.0,1953.0,1268.0,28.3,15.0,kabutan
1726,2026.03,annual,37000.0,1650.0,2180.0,48.2,8.0,kabutan
1736,2022.03,annual,25410.0,1923.0,1349.0,85.7,28.33,kabutan
1736,2023.03,annual,26138.0,1953.0,1246.0,79.6,28.33,kabutan
1736,2024.03,annual,29374.0,2026.0,1386.0,90.4,41.67,kabutan
1736,2025.03,annual,31424.0,4024.0,2874.0,186.1,56.67,kabutan
1736,2026.03,annual,33500.0,4600.0,3350.0,216.3,75.0,kabutan
1758,2023.01,annual,14709.0,797.0,613.0,296.6,33.33,kabutan
1758,2024.01,annual,14571.0,225.0,212.0,108.0,35.0,kabutan
1758,2025.01,annual,13482.0,170.0,229.0,115.5,50.0,kabutan
1758,2026.01,annual,14511.0,551.0,462.0,232.2,60.0,kabutan
1758,2027.01,annual,14700.0,588.0,475.0,238.0,65.0,kabutan
1762,2022.03,annual,263907.0,11225.0,6727.0,193.2,63.0,kabutan
1762,2023.03,annual,282495.0,12038.0,7534.0,216.4,70.0,kabutan
1762,2024.03,annual,312680.0,11651.0,9165.0,263.3,82.0,kabutan
1762,2025.03,annual,346685.0,11460.0,6452.0,185.3,82.0,kabutan
1762,2026.03,annual,370000.0,15000.0,7800.0,224.0,90.0,kabutan
1764,2022.06,annual,17009.0,240.0,121.0,100.6,100.0,kabutan
1764,2023.06,annual,19579.0,333.0,135.0,108.2,100.0,kabutan
1764,2024.06,annual,20510.0,427.0,175.0,140.6,100.0,kabutan
1764,2025.06,annual,22497.0,646.0,483.0,388.7,117.0,kabutan
1764,2026.06,annual,24974.0,607.0,307.0,246.3,117.0,kabutan
1766,2022.04,annual,311586.0,15039.0,10275.0,764.3,250.0,kabutan
1766,2023.04,annual,316849.0,9738.0,5239.0,389.7,250.0,kabutan
1766,2024.04,annual,340835.0,13037.0,8943.0,665.2,250.0,kabutan
1766,2025.04,annual,366640.0,22258.0,15778.0,1173.6,330.0,kabutan
1766,2026.04,annual,386879.0,21133.0,14664.0,1321.0,360.0,kabutan
1768,2022.03,annual,17158.0,1107.0,800.0,109.4,30.0,kabutan
1768,2023.03,annual,18039.0,940.0,688.0,94.3,30.0,kabutan
1768,2024.03,annual,16179.0,249.0,144.0,19.8,30.0,kabutan
1768,2025.03,annual,15196.0,658.0,500.0,68.6,30.0,kabutan
1768,2026.03,annual,21004.0,1483.0,1118.0,153.0,50.0,kabutan
1770,2022.03,annual,27708.0,1901.0,1372.0,150.4,32.0,kabutan
1770,2023.03,annual,27164.0,1734.0,1275.0,139.6,40.0,kabutan
1770,2024.03,annual,32273.0,2182.0,1591.0,173.8,60.0,kabutan
1770,2025.03,annual,32646.0,2951.0,1787.0,195.0,60.0,kabutan
1770,2026.03,annual,31000.0,2200.0,1600.0,174.2,60.0,kabutan
1776,2022.03,annual,31535.0,933.0,627.0,68.7,30.0,kabutan
1776,2023.03,annual,31914.0,1008.0,630.0,69.0,35.0,kabutan
1776,2024.03,annual,30913.0,994.0,587.0,64.1,40.0,kabutan
1776,2025.03,annual,30157.0,224.0,167.0,18.3,40.0,kabutan
1776,2026.03,annual,30450.0,710.0,420.0,45.6,0.0,kabutan
1780,2022.03,annual,27946.0,2208.0,775.0,41.0,5.0,kabutan
1780,2023.03,annual,31381.0,3076.0,744.0,39.4,5.0,kabutan
1780,2024.03,annual,37546.0,4327.0,2976.0,157.2,10.0,kabutan
1780,2025.03,annual,35613.0,3891.0,3002.0,158.6,24.0,kabutan
1780,2026.03,annual,40560.0,4260.0,3147.0,166.3,30.0,kabutan
1783,2022.09,annual,5027.0,75.0,-803.0,-5.8,0.0,kabutan
1783,2023.09,annual,10586.0,1503.0,1053.0,6.2,0.0,kabutan
1783,2024.09,annual,8806.0,701.0,290.0,1.7,0.0,kabutan
1783,2025.09,annual,9422.0,211.0,-239.0,-1.4,0.0,kabutan
1783,2026.09,annual,10300.0,500.0,280.0,1.6,0.0,kabutan
1786,2022.03,annual,60726.0,5308.0,3778.0,32.5,11.0,kabutan
1786,2023.03,annual,61480.0,5214.0,3922.0,33.8,13.5,kabutan
1786,2024.03,annual,67382.0,6533.0,4632.0,35.7,14.5,kabutan
1786,2025.03,annual,64553.0,5434.0,3715.0,28.1,14.5,kabutan
1786,2026.03,annual,66000.0,4900.0,2700.0,21.0,14.5,kabutan
1787,2022.03,annual,12909.0,1062.0,763.0,312.2,220.0,kabutan
1787,2023.03,annual,14158.0,1246.0,899.0,365.0,255.0,kabutan
1787,2024.03,annual,13780.0,1176.0,834.0,339.1,240.0,kabutan
1787,2025.03,annual,14725.0,1457.0,1047.0,425.5,300.0,kabutan
1787,2026.03,annual,14500.0,1278.0,923.0,376.4,260.0,kabutan
1788,2022.06,annual,6751.0,252.0,186.0,305.3,70.0,kabutan
1788,2023.06,annual,6919.0,341.0,225.0,367.6,90.0,kabutan
1788,2024.06,annual,7400.0,199.0,132.0,214.4,100.0,kabutan
1788,2025.06,annual,8199.0,327.0,231.0,371.9,100.0,kabutan
1788,2026.06,annual,9000.0,350.0,250.0,398.8,70.0,kabutan
1793,2022.03,annual,71276.0,2337.0,1784.0,58.7,28.33,kabutan
1793,2023.03,annual,94477.0,580.0,516.0,17.6,28.33,kabutan
1793,2024.03,annual,83060.0,1686.0,1021.0,35.8,32.5,kabutan
1793,2025.03,annual,70092.0,1814.0,1788.0,63.5,41.0,kabutan
1793,2026.03,annual,83000.0,2000.0,1400.0,55.1,38.0,kabutan
1795,2022.09,annual,6959.0,198.0,191.0,218.6,80.0,kabutan
1795,2023.09,annual,8635.0,504.0,344.0,391.7,140.0,kabutan
1795,2024.09,annual,8947.0,407.0,277.0,313.5,125.0,kabutan
1795,2025.09,annual,10647.0,638.0,405.0,455.9,160.0,kabutan
1795,2026.09,annual,10700.0,450.0,280.0,313.5,110.0,kabutan
1798,2022.03,annual,38840.0,1608.0,1574.0,143.5,14.0,kabutan
1798,2023.03,annual,38975.0,1201.0,900.0,82.1,14.0,kabutan
1798,2024.03,annual,43344.0,2223.0,1606.0,146.5,16.0,kabutan
1798,2025.03,annual,50266.0,2291.0,1650.0,151.7,20.0,kabutan
1798,2026.03,annual,52500.0,3150.0,2200.0,201.8,30.0,kabutan
1799,2022.03,annual,42748.0,2794.0,2596.0,127.8,45.0,kabutan
1799,2023.03,annual,47367.0,3569.0,2643.0,132.5,50.0,kabutan
1799,2024.03,annual,53993.0,3772.0,2791.0,143.2,80.0,kabutan
1799,2025.03,annual,58005.0,7193.0,5242.0,278.0,130.0,kabutan
1799,2026.03,annual,58600.0,7200.0,5300.0,299.4,130.0,kabutan
1801,2022.03,annual,1543240.0,96077.0,71436.0,350.9,130.0,kabutan
1801,2023.03,annual,1642712.0,54740.0,47124.0,241.2,130.0,kabutan
1801,2024.03,annual,1765023.0,26480.0,40272.0,215.8,130.0,kabutan
1801,2025.03,annual,2154223.0,120160.0,123824.0,682.8,210.0,kabutan
1801,2026.03,annual,2090000.0,184000.0,167000.0,1007.4,310.0,kabutan
1802,2022.03,annual,1922884.0,41051.0,39127.0,54.6,32.0,kabutan
1802,2023.03,annual,1983888.0,93800.0,77671.0,108.3,42.0,kabutan
1802,2024.03,annual,2325162.0,79381.0,75059.0,104.7,75.0,kabutan
1802,2025.03,annual,2590765.0,142469.0,145355.0,202.9,81.0,kabutan
1802,2026.03,annual,2570000.0,195000.0,170000.0,247.3,87.0,kabutan
1803,2022.03,annual,1482961.0,45145.0,47761.0,64.1,23.0,kabutan
1803,2023.03,annual,1933814.0,54647.0,49057.0,66.3,21.0,kabutan
1803,2024.03,annual,2005518.0,-24685.0,17163.0,23.6,20.0,kabutan
1803,2025.03,annual,1944360.0,71030.0,66015.0,94.8,38.0,kabutan
1803,2026.03,annual,2010000.0,110000.0,110000.0,162.0,65.0,kabutan
1807,2022.03,annual,37452.0,2489.0,1728.0,297.1,60.0,kabutan
1807,2023.03,annual,34656.0,616.0,446.0,73.4,50.0,kabutan
1807,2024.03,annual,38400.0,1650.0,1202.0,195.5,75.0,kabutan
1807,2025.03,annual,40422.0,1177.0,891.0,143.2,80.0,kabutan
1807,2026.03,annual,37000.0,1200.0,850.0,136.1,80.0,kabutan
1808,2022.03,annual,909708.0,82702.0,54490.0,198.3,80.0,kabutan
1808,2023.03,annual,1027277.0,90162.0,59326.0,216.1,80.0,kabutan
1808,2024.03,annual,1094421.0,85747.0,56038.0,205.5,85.0,kabutan
1808,2025.03,annual,1177353.0,84701.0,34450.0,126.2,85.0,kabutan
1808,2026.03,annual,1240000.0,97000.0,58000.0,219.2,90.0,kabutan
1810,2022.03,annual,82468.0,2415.0,1792.0,58.9,24.0,kabutan
1810,2023.03,annual,88664.0,2268.0,1702.0,57.5,25.0,kabutan
1810,2024.03,annual,96969.0,264.0,1161.0,39.9,26.0,kabutan
1810,2025.03,annual,99253.0,3382.0,2726.0,94.3,48.0,kabutan
1810,2026.03,annual,98000.0,5500.0,4100.0,143.8,75.0,kabutan
1811,2022.03,annual,101903.0,2247.0,1812.0,253.0,80.0,kabutan
1811,2023.03,annual,107635.0,1526.0,2245.0,313.6,80.0,kabutan
1811,2024.03,annual,120977.0,3321.0,2737.0,382.3,100.0,kabutan
1811,2025.03,annual,120660.0,3712.0,3504.0,489.4,120.0,kabutan
1811,2026.03,annual,125100.0,4170.0,3410.0,476.2,110.0,kabutan
1812,2022.03,annual,2079695.0,123382.0,103867.0,208.0,58.0,kabutan
1812,2023.03,annual,2391579.0,123526.0,111789.0,228.0,70.0,kabutan
1812,2024.03,annual,2665175.0,136226.0,115033.0,238.8,90.0,kabutan
1812,2025.03,annual,2911816.0,151882.0,125817.0,266.5,104.0,kabutan
1812,2026.03,annual,3030000.0,228000.0,170000.0,364.9,132.0,kabutan
1813,2022.03,annual,66778.0,3297.0,2063.0,135.1,60.0,kabutan
1813,2023.03,annual,70466.0,3602.0,2166.0,142.3,60.0,kabutan
1813,2024.03,annual,67947.0,2656.0,2009.0,132.0,60.0,kabutan
1813,2025.03,annual,69557.0,3177.0,2202.0,145.3,60.0,kabutan
1813,2026.03,annual,80000.0,4900.0,3450.0,227.7,90.0,kabutan
1814,2022.03,annual,69645.0,2708.0,1816.0,173.2,60.0,kabutan
1814,2023.03,annual,71834.0,1887.0,1321.0,126.2,64.0,kabutan
1814,2024.03,annual,77815.0,1590.0,1235.0,119.2,70.0,kabutan
1814,2025.03,annual,89027.0,3695.0,2060.0,197.5,99.0,kabutan
1814,2026.03,annual,101000.0,5120.0,3620.0,351.6,174.0,kabutan
1815,2022.03,annual,151551.0,5247.0,4706.0,303.1,80.0,kabutan
1815,2023.03,annual,160743.0,1233.0,2360.0,154.8,80.0,kabutan
1815,2024.03,annual,183586.0,958.0,4260.0,282.1,100.0,kabutan
1815,2025.03,annual,185114.0,3459.0,3429.0,242.8,122.0,kabutan
1815,2026.03,annual,180000.0,5400.0,4700.0,337.4,170.0,kabutan
1820,2022.03,annual,323754.0,23540.0,15103.0,312.3,221.0,kabutan
1820,2023.03,annual,339757.0,12615.0,9648.0,244.4,221.0,kabutan
1820,2024.03,annual,401633.0,18827.0,12388.0,313.9,220.0,kabutan
1820,2025.03,annual,366811.0,21098.0,17543.0,444.5,220.0,kabutan
1820,2026.03,annual,400000.0,26000.0,18800.0,476.1,220.0,kabutan
1822,2022.03,annual,156520.0,8857.0,5987.0,69.3,48.6,kabutan
1822,2023.03,annual,156050.0,5064.0,2914.0,33.1,46.0,kabutan
1822,2024.03,annual,163222.0,466.0,-2072.0,-23.5,5.4,kabutan
1822,2025.03,annual,143394.0,5533.0,3691.0,41.9,29.4,kabutan
1822,2026.03,annual,138600.0,6300.0,4200.0,47.6,34.0,kabutan
1826,2022.03,annual,26660.0,741.0,355.0,22.9,13.0,kabutan
1826,2023.03,annual,30121.0,1823.0,1325.0,85.7,26.0,kabutan
1826,2024.03,annual,26083.0,200.0,75.0,4.9,26.0,kabutan
1826,2025.03,annual,32264.0,960.0,611.0,39.9,60.0,kabutan
1826,2026.03,annual,38745.0,1085.0,799.0,66.3,60.0,kabutan
1827,2022.03,annual,96470.0,-840.0,-1594.0,-46.4,10.0,kabutan
1827,2023.03,annual,114459.0,2859.0,1914.0,55.7,13.0,kabutan
1827,2024.03,annual,107415.0,3185.0,2645.0,77.0,16.0,kabutan
1827,2025.03,annual,110538.0,3280.0,2904.0,84.5,22.0,kabutan
1827,2026.03,annual,138000.0,3900.0,3450.0,100.4,30.0,kabutan
1828,2022.03,annual,42526.0,2814.0,1872.0,175.0,33.0,kabutan
1828,2023.03,annual,42944.0,2732.0,1656.0,154.8,40.0,kabutan
1828,2024.03,annual,51842.0,2677.0,1895.0,179.7,50.0,kabutan
1828,2025.03,annual,50832.0,3837.0,2593.0,247.5,87.0,kabutan
1828,2026.03,annual,53000.0,4000.0,2700.0,257.2,92.0,kabutan
1833,2022.03,annual,242458.0,12647.0,12541.0,334.1,172.0,kabutan
1833,2023.03,annual,249442.0,11847.0,11261.0,306.1,223.0,kabutan
1833,2024.03,annual,288146.0,13708.0,12493.0,339.3,237.0,kabutan
1833,2025.03,annual,298222.0,9731.0,2722.0,74.0,216.0,kabutan
1833,2026.03,annual,302500.0,15200.0,13600.0,379.1,264.0,kabutan
1835,2022.03,annual,114718.0,7261.0,5326.0,154.7,85.0,kabutan
1835,2023.03,annual,124661.0,9070.0,7905.0,229.7,92.0,kabutan
1835,2024.03,annual,141845.0,11751.0,8296.0,241.0,97.0,kabutan
1835,2025.03,annual,160047.0,15526.0,11564.0,335.9,135.0,kabutan
1835,2026.03,annual,166000.0,18800.0,13400.0,389.1,150.0,kabutan
1840,2022.10,annual,34716.0,148.0,230.0,9.2,6.0,kabutan
1840,2023.10,annual,34403.0,393.0,233.0,9.3,6.0,kabutan
1840,2024.10,annual,33278.0,152.0,758.0,30.3,10.0,kabutan
1840,2025.10,annual,31456.0,-122.0,-93.0,-3.7,10.0,kabutan
1840,2026.10,annual,35000.0,400.0,260.0,10.1,10.0,kabutan
1844,2022.07,annual,5244.0,314.0,254.0,17.1,5.0,kabutan
1844,2023.07,annual,6054.0,451.0,293.0,19.0,8.0,kabutan
1844,2024.07,annual,5981.0,621.0,414.0,22.7,10.0,kabutan
1844,2025.07,annual,6443.0,785.0,518.0,27.8,11.5,kabutan
1844,2026.07,annual,7190.0,657.0,431.0,23.0,11.5,kabutan
1847,2022.03,annual,83776.0,4674.0,2985.0,205.7,50.0,kabutan
1847,2023.03,annual,88059.0,2667.0,1708.0,117.7,50.0,kabutan
1847,2024.03,annual,96373.0,4100.0,2938.0,202.4,55.0,kabutan
1847,2025.03,annual,98999.0,6835.0,4679.0,322.3,70.0,kabutan
1847,2026.03,annual,105000.0,8200.0,5500.0,378.9,115.0,kabutan
1848,2022.03,annual,27301.0,1048.0,775.0,43.7,9.0,kabutan
1848,2023.03,annual,26843.0,221.0,123.0,7.0,9.0,kabutan
1848,2024.03,annual,28566.0,564.0,415.0,23.4,11.0,kabutan
1848,2025.03,annual,33771.0,885.0,2187.0,123.3,13.0,kabutan
1848,2026.03,annual,35190.0,1390.0,780.0,44.2,14.0,kabutan
1850,2022.03,annual,37189.0,1931.0,1310.0,45.5,3.0,kabutan
1850,2023.03,annual,42401.0,1844.0,1896.0,65.8,3.0,kabutan
1850,2024.03,annual,43626.0,1686.0,1100.0,38.2,4.0,kabutan
1850,2025.03,annual,52945.0,2381.0,1714.0,59.5,6.0,kabutan
1850,2026.03,annual,48500.0,2230.0,1520.0,52.7,6.0,kabutan
1852,2022.03,annual,135478.0,4835.0,3748.0,46.5,36.3,kabutan
1852,2023.03,annual,144436.0,5691.0,4200.0,52.1,38.2,kabutan
1852,2024.03,annual,152676.0,4057.0,4670.0,58.0,40.6,kabutan
1852,2025.03,annual,167005.0,6867.0,4692.0,58.2,41.0,kabutan
1852,2026.03,annual,174600.0,7550.0,5000.0,61.9,45.0,kabutan
1853,2022.03,annual,31319.0,1902.0,1255.0,38.3,14.0,kabutan
1853,2023.03,annual,24620.0,833.0,523.0,16.0,14.0,kabutan
1853,2024.03,annual,27582.0,1072.0,685.0,20.9,14.0,kabutan
1853,2025.03,annual,29454.0,1081.0,921.0,28.1,14.0,kabutan
1853,2026.03,annual,28800.0,1020.0,680.0,20.8,14.0,kabutan
1860,2022.03,annual,501509.0,24385.0,18560.0,60.4,26.0,kabutan
1860,2023.03,annual,547155.0,14135.0,10995.0,35.6,27.0,kabutan
1860,2024.03,annual,522434.0,17908.0,16101.0,52.2,28.0,kabutan
1860,2025.03,annual,586661.0,26638.0,25185.0,83.6,30.0,kabutan
1860,2026.03,annual,630000.0,31500.0,29000.0,96.5,45.0,kabutan
1861,2022.03,annual,425216.0,22743.0,15850.0,85.5,30.0,kabutan
1861,2023.03,annual,403502.0,11483.0,7973.0,44.9,32.5,kabutan
1861,2024.03,annual,443193.0,12649.0,8316.0,48.1,32.5,kabutan
1861,2025.03,annual,498581.0,14299.0,9354.0,54.4,32.5,kabutan
1861,2026.03,annual,493000.0,22800.0,18500.0,108.9,45.0,kabutan
1866,2022.03,annual,60103.0,2394.0,1739.0,70.1,25.0,kabutan
1866,2023.03,annual,85277.0,3931.0,1988.0,81.9,27.5,kabutan
1866,2024.03,annual,84964.0,4804.0,3902.0,168.4,27.5,kabutan
1866,2025.03,annual,80853.0,3640.0,3381.0,140.6,27.5,kabutan
1866,2026.03,annual,83000.0,3600.0,2500.0,102.8,27.5,kabutan
1867,2022.03,annual,47678.0,2293.0,1440.0,217.7,55.0,kabutan
1867,2023.03,annual,48936.0,2041.0,1350.0,205.0,55.0,kabutan
1867,2024.03,annual,55910.0,2595.0,1877.0,289.1,70.0,kabutan
1867,2025.03,annual,50703.0,2853.0,1934.0,297.1,90.0,kabutan
1867,2026.03,annual,64800.0,3160.0,2070.0,314.8,100.0,kabutan
1870,2022.03,annual,93090.0,6169.0,4842.0,112.2,38.0,kabutan
1870,2023.03,annual,111110.0,7212.0,4508.0,104.8,43.0,kabutan
1870,2024.03,annual,119824.0,9514.0,6462.0,150.2,60.0,kabutan
1870,2025.03,annual,140699.0,8654.0,5643.0,131.2,80.0,kabutan
1870,2026.03,annual,168000.0,11500.0,7000.0,162.1,90.0,kabutan
1871,2022.03,annual,109639.0,6618.0,4539.0,97.3,30.0,kabutan
1871,2023.03,annual,109327.0,5715.0,3790.0,81.4,33.0,kabutan
1871,2024.03,annual,129294.0,7827.0,5054.0,108.6,44.0,kabutan
1871,2025.03,annual,135627.0,12315.0,8217.0,175.9,72.0,kabutan
1871,2026.03,annual,148200.0,12500.0,8500.0,181.6,109.0,kabutan
1873,2022.10,annual,42778.0,2523.0,1474.0,36.9,20.0,kabutan
1873,2023.10,annual,39103.0,973.0,-47.0,-1.2,11.0,kabutan
1873,2024.04,annual,12890.0,-1274.0,-1244.0,-31.1,5.0,kabutan
1873,2025.04,annual,34980.0,2335.0,1135.0,28.4,11.0,kabutan
1873,2026.04,annual,33920.0,1580.0,700.0,17.5,11.0,kabutan
1878,2022.03,annual,1583003.0,99594.0,69580.0,204.3,102.2,kabutan
1878,2023.03,annual,1657626.0,100000.0,70361.0,206.2,103.2,kabutan
1878,2024.03,annual,1731467.0,104819.0,74685.0,222.1,111.0,kabutan
1878,2025.03,annual,1842357.0,118875.0,93858.0,285.7,142.8,kabutan
1878,2026.03,annual,1980000.0,135000.0,95000.0,291.8,143.0,kabutan
1879,2022.03,annual,107092.0,15549.0,10796.0,184.7,21.0,kabutan
1879,2023.03,annual,113725.0,17186.0,12013.0,205.5,27.0,kabutan
1879,2024.03,annual,133517.0,17577.0,12286.0,210.1,53.0,kabutan
1879,2025.03,annual,131662.0,18310.0,12816.0,219.1,56.0,kabutan
1879,2026.03,annual,135000.0,18600.0,13100.0,224.0,58.0,kabutan
1882,2022.03,annual,112118.0,5516.0,3714.0,76.6,18.0,kabutan
1882,2023.03,annual,118721.0,4736.0,3160.0,66.7,18.0,kabutan
1882,2024.03,annual,118060.0,5473.0,3793.0,79.9,42.0,kabutan
1882,2025.03,annual,126575.0,5015.0,4127.0,89.2,90.0,kabutan
1882,2026.03,annual,127000.0,6500.0,4100.0,88.7,90.0,kabutan
1885,2022.03,annual,219814.0,9874.0,7385.0,95.7,22.5,kabutan
1885,2023.03,annual,213569.0,6555.0,4835.0,56.1,22.5,kabutan
1885,2024.03,annual,283852.0,17231.0,10517.0,127.7,40.0,kabutan
1885,2025.03,annual,330472.0,20621.0,14908.0,187.9,76.0,kabutan
1885,2026.03,annual,345000.0,23100.0,17800.0,230.3,92.0,kabutan
1887,2022.05,annual,126790.0,7957.0,7389.0,84.5,26.0,kabutan
1887,2023.05,annual,154202.0,4487.0,3291.0,39.0,26.0,kabutan
1887,2024.05,annual,135701.0,-9404.0,-7191.0,-86.2,22.0,kabutan
1887,2025.05,annual,123349.0,2318.0,1332.0,16.6,22.0,kabutan
1887,2026.05,annual,132000.0,5000.0,3500.0,43.9,22.0,kabutan
1888,2022.03,annual,89164.0,6834.0,4736.0,371.5,80.0,kabutan
1888,2023.03,annual,84004.0,6236.0,5442.0,426.8,100.0,kabutan
1888,2024.03,annual,94917.0,6976.0,5092.0,399.3,120.0,kabutan
1888,2025.03,annual,86462.0,5220.0,3690.0,290.0,126.0,kabutan
1888,2026.03,annual,105600.0,6350.0,4100.0,322.2,132.0,kabutan
1893,2022.03,annual,458231.0,15939.0,10753.0,37.7,23.0,kabutan
1893,2023.03,annual,502206.0,4119.0,684.0,2.4,24.0,kabutan
1893,2024.03,annual,617708.0,29152.0,17875.0,62.7,24.0,kabutan
1893,2025.03,annual,727491.0,21697.0,12460.0,44.1,24.0,kabutan
1893,2026.03,annual,759000.0,50500.0,32000.0,117.2,44.0,kabutan
1897,2022.12,annual,9898.0,146.0,190.0,88.4,50.0,kabutan
1897,2023.12,annual,10659.0,238.0,270.0,125.1,50.0,kabutan
1897,2024.12,annual,9743.0,273.0,321.0,148.8,50.0,kabutan
1897,2025.12,annual,8837.0,99.0,236.0,111.9,50.0,kabutan
1897,2026.12,annual,10500.0,100.0,200.0,95.0,50.0,kabutan
1898,2022.03,annual,85132.0,4418.0,3304.0,84.8,30.0,kabutan
1898,2023.03,annual,92414.0,2669.0,1127.0,30.7,30.0,kabutan
1898,2024.03,annual,88037.0,4091.0,2740.0,75.2,90.0,kabutan
1898,2025.03,annual,99358.0,5842.0,3887.0,106.5,90.0,kabutan
1898,2026.03,annual,101300.0,6600.0,4600.0,125.6,70.0,kabutan
1899,2022.12,annual,154358.0,5208.0,3650.0,428.2,120.0,kabutan
1899,2023.12,annual,162243.0,5205.0,3386.0,400.1,110.0,kabutan
1899,2024.12,annual,166589.0,7665.0,5309.0,641.6,200.0,kabutan
1899,2025.12,annual,167960.0,7769.0,5548.0,670.1,260.0,kabutan
1899,2026.12,annual,175600.0,7600.0,5000.0,603.8,260.0,kabutan
1904,2022.03,annual,49153.0,1255.0,974.0,152.0,76.0,kabutan
1904,2023.03,annual,46459.0,1732.0,1469.0,246.0,82.0,kabutan
1904,2024.03,annual,61056.0,3014.0,1962.0,335.7,128.0,kabutan
1904,2025.03,annual,62502.0,3115.0,2487.0,408.5,132.0,kabutan
1904,2026.03,annual,60200.0,2700.0,1800.0,289.5,174.0,kabutan
1905,2022.03,annual,14817.0,466.0,357.0,53.4,25.0,kabutan
1905,2023.03,annual,18317.0,653.0,482.0,73.3,35.0,kabutan
1905,2024.03,annual,20207.0,520.0,388.0,59.3,38.0,kabutan
1905,2025.03,annual,23717.0,1115.0,749.0,113.3,50.0,kabutan
1905,2026.03,annual,21500.0,900.0,650.0,97.5,52.0,kabutan
1909,2022.03,annual,44793.0,2827.0,1890.0,67.5,7.5,kabutan
1909,2023.03,annual,50224.0,3858.0,2539.0,91.6,9.5,kabutan
1909,2024.03,annual,55878.0,4775.0,3287.0,120.4,12.5,kabutan
1909,2025.03,annual,55727.0,6128.0,3958.0,147.7,17.5,kabutan
1909,2026.03,annual,58700.0,7300.0,5000.0,186.5,22.5,kabutan
1911,2022.12,annual,1669707.0,158253.0,108672.0,181.3,41.67,kabutan
1911,2023.12,annual,1733169.0,146258.0,102170.0,168.0,41.67,kabutan
1911,2024.12,annual,2053650.0,194588.0,116528.0,189.8,48.33,kabutan
1911,2025.12,annual,2267577.0,168724.0,106666.0,174.1,53.0,kabutan
1911,2026.12,annual,2590000.0,157000.0,95000.0,155.4,50.0,kabutan
1914,2022.03,annual,22111.0,751.0,498.0,22.0,13.0,kabutan
1914,2023.03,annual,23908.0,778.0,526.0,25.4,13.0,kabutan
1914,2024.03,annual,23575.0,1012.0,932.0,46.6,16.0,kabutan
1914,2025.03,annual,30279.0,1891.0,1439.0,74.1,24.0,kabutan
1914,2026.03,annual,29330.0,1460.0,980.0,53.6,27.0,kabutan
1921,2022.03,annual,25301.0,3497.0,2756.0,69.6,12.0,kabutan
1921,2023.03,annual,35982.0,3782.0,3175.0,80.2,14.0,kabutan
1921,2024.03,annual,33342.0,3178.0,2782.0,69.3,16.0,kabutan
1921,2025.03,annual,34670.0,3932.0,14849.0,372.3,24.0,kabutan
1921,2026.03,annual,34000.0,4100.0,5300.0,157.9,36.0,kabutan
1925,2022.03,annual,4439536.0,383256.0,225272.0,343.8,126.0,kabutan
1925,2023.03,annual,4908199.0,465370.0,308399.0,469.1,130.0,kabutan
1925,2024.03,annual,5202919.0,440210.0,298752.0,457.2,143.0,kabutan
1925,2025.03,annual,5434819.0,546279.0,325058.0,514.0,150.0,kabutan
1925,2026.03,annual,5600000.0,510000.0,290000.0,468.2,175.0,kabutan
1926,2022.03,annual,109504.0,13236.0,8930.0,174.1,54.0,kabutan
1926,2023.03,annual,114974.0,12785.0,9489.0,190.6,61.0,kabutan
1926,2024.03,annual,117324.0,11245.0,8181.0,168.2,70.0,kabutan
1926,2025.03,annual,121457.0,12811.0,9919.0,214.3,100.0,kabutan
1926,2026.03,annual,135000.0,15000.0,10000.0,233.8,118.0,kabutan
1928,2023.01,annual,2928835.0,261489.0,184520.0,276.6,110.0,kabutan
1928,2024.01,annual,3107242.0,270956.0,202325.0,309.3,123.0,kabutan
1928,2025.01,annual,4058583.0,331366.0,217705.0,336.0,135.0,kabutan
1928,2026.01,annual,4197922.0,341402.0,232095.0,358.1,144.0,kabutan
1928,2027.01,annual,4353000.0,350000.0,218000.0,336.3,145.0,kabutan
1929,2022.03,annual,66076.0,4523.0,3329.0,79.8,40.0,kabutan
1929,2023.03,annual,72918.0,5451.0,3526.0,84.6,45.0,kabutan
1929,2024.03,annual,71880.0,4356.0,3066.0,73.5,47.0,kabutan
1929,2025.03,annual,67216.0,3679.0,2408.0,57.7,48.0,kabutan
1929,2026.03,annual,76000.0,5000.0,3350.0,80.2,49.0,kabutan
1930,2022.03,annual,45928.0,3157.0,2246.0,80.3,28.33,kabutan
1930,2023.03,annual,44846.0,2356.0,1628.0,58.2,36.0,kabutan
1930,2024.03,annual,53398.0,3425.0,2209.0,78.9,40.0,kabutan
1930,2025.03,annual,55607.0,4351.0,3187.0,113.9,44.0,kabutan
1930,2026.03,annual,61000.0,4000.0,2900.0,105.4,44.0,kabutan
1934,2022.03,annual,225317.0,9492.0,6700.0,93.7,28.0,kabutan
1934,2023.03,annual,227366.0,9538.0,6561.0,91.7,28.0,kabutan
1934,2024.03,annual,243171.0,10523.0,7510.0,104.8,42.0,kabutan
1934,2025.03,annual,257204.0,16185.0,11982.0,169.9,68.0,kabutan
1934,2026.03,annual,254000.0,18000.0,10000.0,145.6,72.0,kabutan
1938,2022.03,annual,53231.0,3068.0,2403.0,95.6,27.0,kabutan
1938,2023.03,annual,53745.0,2688.0,2137.0,85.1,27.0,kabutan
1938,2024.03,annual,58542.0,3432.0,2770.0,111.4,35.0,kabutan
1938,2025.03,annual,68669.0,5199.0,4733.0,191.2,77.0,kabutan
1938,2026.03,annual,73600.0,6400.0,4900.0,197.7,82.0,kabutan
1939,2022.03,annual,92648.0,5415.0,3779.0,80.2,30.0,kabutan
1939,2023.03,annual,89120.0,4970.0,3764.0,79.8,30.0,kabutan
1939,2024.03,annual,92112.0,6444.0,4571.0,96.7,46.67,kabutan
1939,2025.03,annual,105877.0,8073.0,5173.0,109.5,65.0,kabutan
1939,2026.03,annual,100000.0,8000.0,6000.0,126.8,72.0,kabutan
1941,2022.03,annual,190690.0,10425.0,6682.0,121.0,104.0,kabutan
1941,2023.03,annual,189032.0,8361.0,-6913.0,-125.6,104.0,kabutan
1941,2024.03,annual,201025.0,11947.0,7937.0,145.4,104.0,kabutan
1941,2025.03,annual,221885.0,21698.0,19895.0,366.9,120.0,kabutan
1941,2026.03,annual,232000.0,24000.0,16100.0,304.1,130.0,kabutan
1942,2022.03,annual,495567.0,30643.0,20315.0,99.5,28.0,kabutan
1942,2023.03,annual,541579.0,32748.0,21167.0,103.6,32.0,kabutan
1942,2024.03,annual,598427.0,40934.0,27345.0,133.8,41.0,kabutan
1942,2025.03,annual,671888.0,58326.0,42380.0,207.4,82.0,kabutan
1942,2026.03,annual,735000.0,80000.0,61000.0,306.5,120.0,kabutan
1944,2022.03,annual,566794.0,37087.0,26366.0,128.7,37.0,kabutan
1944,2023.03,annual,609132.0,37430.0,28722.0,140.2,40.0,kabutan
1944,2024.03,annual,654516.0,42677.0,33553.0,165.3,63.0,kabutan
1944,2025.03,annual,705058.0,60979.0,47250.0,236.3,90.0,kabutan
1944,2026.03,annual,750000.0,84000.0,65500.0,330.8,125.0,kabutan
1945,2022.03,annual,72578.0,3158.0,1226.0,35.9,30.0,kabutan
1945,2023.03,annual,79055.0,3458.0,2120.0,61.9,40.0,kabutan
1945,2024.03,annual,88467.0,3959.0,2960.0,86.7,45.0,kabutan
1945,2025.03,annual,67722.0,2665.0,2900.0,86.7,52.0,kabutan
1945,2026.03,annual,82000.0,3900.0,3400.0,102.6,57.0,kabutan
1946,2022.03,annual,219617.0,14072.0,8283.0,88.7,27.0,kabutan
1946,2023.03,annual,232053.0,10287.0,-5548.0,-59.4,19.0,kabutan
1946,2024.03,annual,252863.0,15910.0,9345.0,100.0,40.0,kabutan
1946,2025.03,annual,270966.0,16041.0,10765.0,115.7,50.0,kabutan
1946,2026.03,annual,277000.0,20000.0,15000.0,161.6,65.0,kabutan
1948,2022.03,annual,29159.0,417.0,310.0,35.1,44.0,kabutan
1948,2023.03,annual,33557.0,682.0,556.0,62.8,44.0,kabutan
1948,2024.03,annual,34868.0,1156.0,899.0,101.5,54.0,kabutan
1948,2025.03,annual,39264.0,3081.0,2737.0,309.7,84.0,kabutan
1948,2026.03,annual,42000.0,3100.0,2050.0,234.7,90.0,kabutan
1950,2022.03,annual,173569.0,7454.0,5222.0,85.0,31.0,kabutan
1950,2023.03,annual,172100.0,9658.0,7171.0,116.7,37.0,kabutan
1950,2024.03,annual,194031.0,13448.0,10042.0,164.4,47.0,kabutan
1950,2025.03,annual,216922.0,17934.0,13192.0,223.8,90.0,kabutan
1950,2026.03,annual,228370.0,22270.0,16790.0,287.6,115.0,kabutan
1951,2022.03,annual,594840.0,42380.0,27766.0,125.3,48.0,kabutan
1951,2023.03,annual,627607.0,32552.0,22233.0,102.5,51.0,kabutan
1951,2024.03,annual,614095.0,34121.0,20058.0,94.8,60.0,kabutan
1951,2025.03,annual,670822.0,42465.0,26855.0,129.0,63.0,kabutan
1951,2026.03,annual,760000.0,53000.0,32000.0,156.5,66.0,kabutan
1952,2022.03,annual,106718.0,6881.0,5403.0,115.9,37.5,kabutan
1952,2023.03,annual,112234.0,7124.0,5597.0,119.9,40.0,kabutan
1952,2024.03,annual,127978.0,9235.0,7168.0,155.2,50.0,kabutan
1952,2025.03,annual,137684.0,11346.0,9656.0,211.6,80.0,kabutan
1952,2026.03,annual,150000.0,13700.0,10500.0,231.0,110.0,kabutan
1959,2022.03,annual,376563.0,33137.0,26216.0,370.1,100.0,kabutan
1959,2023.03,annual,395783.0,32083.0,26349.0,371.9,110.0,kabutan
1959,2024.03,annual,469057.0,38016.0,28017.0,395.9,120.0,kabutan
1959,2025.03,annual,473954.0,41388.0,28883.0,408.4,140.0,kabutan
1959,2026.03,annual,475000.0,51500.0,36000.0,508.9,200.0,kabutan
1960,2022.03,annual,39950.0,-351.0,-124.0,-1.9,10.0,kabutan
1960,2023.03,annual,38877.0,-827.0,479.0,29.4,30.0,kabutan
1960,2024.03,annual,50731.0,-1276.0,-771.0,-48.6,30.0,kabutan
1960,2025.03,annual,67859.0,2123.0,1748.0,113.9,40.0,kabutan
1960,2026.03,annual,60000.0,2000.0,2000.0,130.3,40.0,kabutan
1961,2022.03,annual,193189.0,9112.0,6489.0,115.1,85.0,kabutan
1961,2023.03,annual,190865.0,5409.0,4750.0,85.8,75.0,kabutan
1961,2024.03,annual,221920.0,11586.0,8951.0,165.6,85.0,kabutan
1961,2025.03,annual,253136.0,21893.0,17203.0,326.3,165.0,kabutan
1961,2026.03,annual,250000.0,27500.0,21900.0,430.1,165.0,kabutan
1963,2022.03,annual,428401.0,20688.0,-35551.0,-140.8,15.0,kabutan
1963,2023.03,annual,606890.0,36699.0,30665.0,122.3,38.0,kabutan
1963,2024.03,annual,832595.0,-18995.0,-7830.0,-32.5,40.0,kabutan
1963,2025.03,annual,858082.0,-11474.0,-398.0,-1.7,40.0,kabutan
1963,2026.03,annual,740000.0,31000.0,30000.0,124.0,40.0,kabutan
1964,2022.03,annual,26317.0,1263.0,1360.0,177.2,70.0,kabutan
1964,2023.03,annual,27977.0,1309.0,1231.0,162.0,70.0,kabutan
1964,2024.03,annual,29283.0,1477.0,2197.0,293.8,80.0,kabutan
1964,2025.03,annual,36247.0,2735.0,2998.0,407.6,150.0,kabutan
1964,2026.03,annual,37500.0,3000.0,3700.0,511.2,150.0,kabutan
1965,2022.03,annual,56905.0,3013.0,2237.0,102.8,32.0,kabutan
1965,2023.03,annual,61030.0,3175.0,2339.0,107.4,36.0,kabutan
1965,2024.03,annual,73688.0,5792.0,4506.0,209.4,48.0,kabutan
1965,2025.03,annual,84190.0,9629.0,7256.0,344.9,100.0,kabutan
1965,2026.03,annual,97900.0,15050.0,11240.0,543.9,170.0,kabutan
1966,2022.03,annual,47243.0,1200.0,788.0,122.4,10.0,kabutan
1966,2023.03,annual,57881.0,2680.0,1646.0,258.0,10.0,kabutan
1966,2024.03,annual,52257.0,2400.0,1668.0,263.6,50.0,kabutan
1966,2025.03,annual,58067.0,2933.0,2309.0,362.0,70.0,kabutan
1966,2026.03,annual,56400.0,2240.0,1420.0,193.9,70.0,kabutan
1967,2022.03,annual,45576.0,3677.0,2757.0,107.5,25.0,kabutan
1967,2023.03,annual,44500.0,2033.0,1866.0,72.9,25.0,kabutan
1967,2024.03,annual,48296.0,1807.0,1479.0,58.7,27.0,kabutan
1967,2025.03,annual,53168.0,4796.0,3932.0,158.3,45.0,kabutan
1967,2026.03,annual,54900.0,5300.0,4300.0,192.1,56.0,kabutan
1968,2022.03,annual,126908.0,10457.0,8406.0,147.5,33.33,kabutan
1968,2023.03,annual,125774.0,14345.0,10619.0,186.1,40.0,kabutan
1968,2024.03,annual,129363.0,10049.0,8395.0,147.0,45.0,kabutan
1968,2025.03,annual,125670.0,13037.0,9753.0,160.9,58.33,kabutan
1968,2026.03,annual,143000.0,15000.0,10600.0,168.0,70.0,kabutan
1969,2022.03,annual,302746.0,14383.0,11535.0,84.7,30.0,kabutan
1969,2023.03,annual,338831.0,15326.0,12227.0,92.4,31.5,kabutan
1969,2024.03,annual,363366.0,24192.0,19612.0,147.8,64.5,kabutan
1969,2025.03,annual,381661.0,32415.0,27631.0,208.1,83.5,kabutan
1969,2026.03,annual,421000.0,47100.0,36500.0,278.9,112.0,kabutan
1972,2022.03,annual,34772.0,2425.0,1648.0,85.5,26.0,kabutan
1972,2023.03,annual,39797.0,3375.0,2372.0,123.1,37.0,kabutan
1972,2024.03,annual,42914.0,3711.0,2593.0,134.5,40.0,kabutan
1972,2025.03,annual,45362.0,4112.0,2941.0,152.6,76.0,kabutan
1972,2026.03,annual,46000.0,3750.0,2660.0,138.0,69.0,kabutan
1975,2022.03,annual,68820.0,2287.0,1860.0,72.6,30.0,kabutan
1975,2023.03,annual,80171.0,2697.0,2480.0,96.6,40.0,kabutan
1975,2024.03,annual,91676.0,4568.0,3712.0,144.4,60.0,kabutan
1975,2025.03,annual,91947.0,7248.0,6229.0,242.0,120.0,kabutan
1975,2026.03,annual,103000.0,10000.0,8000.0,309.2,135.0,kabutan
1976,2022.03,annual,48389.0,5339.0,3793.0,74.6,30.0,kabutan
1976,2023.03,annual,55890.0,6830.0,4680.0,94.0,36.0,kabutan
1976,2024.03,annual,60377.0,8061.0,6243.0,126.1,55.0,kabutan
1976,2025.03,annual,66283.0,10613.0,8454.0,174.7,60.0,kabutan
1976,2026.03,annual,59000.0,6500.0,5400.0,117.6,60.0,kabutan
1979,2022.03,annual,209261.0,9428.0,7248.0,106.4,50.0,kabutan
1979,2023.03,annual,214793.0,11556.0,7917.0,117.3,60.5,kabutan
1979,2024.03,annual,293556.0,18270.0,15602.0,236.0,65.5,kabutan
1979,2025.03,annual,276212.0,17971.0,11026.0,169.4,72.0,kabutan
1979,2026.03,annual,286700.0,21300.0,14400.0,228.6,94.0,kabutan
1980,2022.03,annual,162929.0,7584.0,5778.0,45.0,15.0,kabutan
1980,2023.03,annual,185961.0,8428.0,6626.0,51.6,16.67,kabutan
1980,2024.03,annual,197431.0,10877.0,9087.0,70.7,25.17,kabutan
1980,2025.03,annual,262732.0,23037.0,17443.0,135.6,54.33,kabutan
1980,2026.03,annual,260000.0,32000.0,23100.0,178.5,72.33,kabutan
1981,2022.03,annual,34244.0,1259.0,1078.0,93.7,28.0,kabutan
1981,2023.03,annual,34472.0,1141.0,933.0,81.3,30.0,kabutan
1981,2024.03,annual,35889.0,1247.0,1062.0,95.4,35.0,kabutan
1981,2025.03,annual,37416.0,1483.0,1133.0,104.0,42.0,kabutan
1981,2026.03,annual,38100.0,1420.0,1130.0,111.6,45.0,kabutan
1982,2022.03,annual,75497.0,5662.0,4372.0,92.0,41.0,kabutan
1982,2023.03,annual,83978.0,5953.0,4644.0,100.2,42.5,kabutan
1982,2024.03,annual,83762.0,5737.0,4800.0,105.5,43.0,kabutan
1982,2025.03,annual,89786.0,7456.0,5906.0,132.5,47.0,kabutan
1982,2026.03,annual,94300.0,9400.0,7300.0,169.5,65.0,kabutan
1992,2022.03,annual,5945.0,370.0,563.0,234.1,60.0,kabutan
1992,2023.03,annual,5978.0,483.0,383.0,161.5,60.0,kabutan
1992,2024.03,annual,7152.0,721.0,545.0,232.5,66.0,kabutan
1992,2025.03,annual,7179.0,625.0,431.0,186.0,70.0,kabutan
1992,2026.03,annual,6700.0,400.0,350.0,152.8,76.0,kabutan
1994,2022.12,annual,7530.0,170.0,151.0,17.7,20.0,kabutan
1994,2023.12,annual,7332.0,355.0,302.0,36.0,20.0,kabutan
1994,2024.12,annual,9383.0,593.0,372.0,45.8,20.0,kabutan
1994,2025.12,annual,7338.0,112.0,190.0,23.9,20.0,kabutan
1994,2026.12,annual,8242.0,218.0,166.0,21.0,20.0,kabutan
1997,2022.08,annual,7332.0,710.0,491.0,247.4,55.0,kabutan
1997,2023.08,annual,6637.0,442.0,313.0,155.8,55.0,kabutan
1997,2024.08,annual,8825.0,751.0,559.0,275.7,75.0,kabutan
1997,2025.08,annual,9135.0,1126.0,796.0,393.9,110.0,kabutan
1997,2026.08,annual,9300.0,1000.0,700.0,346.2,95.0,kabutan
2001,2022.03,annual,321317.0,11282.0,9327.0,121.6,38.0,kabutan
2001,2023.03,annual,365525.0,12288.0,10260.0,132.2,40.0,kabutan
2001,2024.03,annual,400514.0,20340.0,26367.0,338.2,66.0,kabutan
2001,2025.03,annual,410878.0,21486.0,24757.0,317.3,66.0,kabutan
2001,2026.03,annual,424000.0,21500.0,20200.0,244.4,66.0,kabutan
2002,2022.03,annual,679736.0,29430.0,17509.0,58.9,39.0,kabutan
2002,2023.03,annual,798681.0,32831.0,-10381.0,-34.9,40.0,kabutan
2002,2024.03,annual,858248.0,47791.0,31743.0,106.7,45.0,kabutan
2002,2025.03,annual,851486.0,46380.0,34684.0,117.3,55.0,kabutan
2002,2026.03,annual,870000.0,47000.0,30000.0,106.3,60.0,kabutan
2003,2022.03,annual,59340.0,4404.0,3714.0,101.9,40.88,kabutan
2003,2023.03,annual,69540.0,5299.0,3963.0,108.8,43.75,kabutan
2003,2024.03,annual,72598.0,5237.0,4238.0,116.4,46.75,kabutan
2003,2025.03,annual,72341.0,5096.0,3550.0,97.5,70.0,kabutan
2003,2026.03,annual,73000.0,3500.0,3100.0,85.1,70.0,kabutan
2004,2022.03,annual,287635.0,5564.0,4006.0,120.6,60.0,kabutan
2004,2023.03,annual,335053.0,4184.0,7776.0,232.6,65.0,kabutan
2004,2024.03,annual,346358.0,13146.0,12358.0,369.4,80.0,kabutan
2004,2025.03,annual,334425.0,11126.0,11599.0,356.0,100.0,kabutan
2004,2026.03,annual,340000.0,11000.0,9500.0,292.3,100.0,kabutan
2009,2022.12,annual,24403.0,1232.0,931.0,40.0,15.0,kabutan
2009,2023.12,annual,26385.0,1061.0,966.0,41.5,17.0,kabutan
2009,2024.12,annual,26168.0,1063.0,950.0,40.8,41.0,kabutan
2009,2025.12,annual,26250.0,1311.0,1132.0,48.6,49.0,kabutan
2009,2026.12,annual,28000.0,1350.0,1120.0,48.1,49.0,kabutan
2053,2022.03,annual,193392.0,4138.0,3211.0,107.1,32.0,kabutan
2053,2023.03,annual,243476.0,1670.0,827.0,28.0,34.0,kabutan
2053,2024.03,annual,234227.0,3932.0,3327.0,112.6,40.0,kabutan
2053,2025.03,annual,209837.0,4281.0,3503.0,118.5,52.0,kabutan
2053,2026.03,annual,212000.0,5200.0,4100.0,142.9,60.0,kabutan
2055,2022.03,annual,44906.0,117.0,116.0,6.1,6.0,kabutan
2055,2023.03,annual,54659.0,-200.0,157.0,8.7,6.0,kabutan
2055,2024.03,annual,52887.0,905.0,541.0,29.9,8.0,kabutan
2055,2025.03,annual,48577.0,906.0,310.0,17.1,6.0,kabutan
2055,2026.03,annual,50000.0,400.0,300.0,16.6,6.0,kabutan
2060,2022.03,annual,243202.0,4293.0,3659.0,94.7,25.0,kabutan
2060,2023.03,annual,307911.0,1422.0,1030.0,27.0,25.0,kabutan
2060,2024.03,annual,313875.0,7748.0,5084.0,133.0,27.0,kabutan
2060,2025.03,annual,296045.0,6343.0,5387.0,140.8,35.5,kabutan
2060,2026.03,annual,288000.0,7600.0,6000.0,156.8,42.0,kabutan
2108,2022.03,annual,58492.0,2229.0,1975.0,141.8,50.0,kabutan
2108,2023.03,annual,65013.0,1506.0,1260.0,93.6,50.0,kabutan
2108,2024.03,annual,69297.0,910.0,1811.0,138.5,55.0,kabutan
2108,2025.03,annual,64796.0,535.0,2703.0,215.2,80.0,kabutan
2108,2026.03,annual,69000.0,-400.0,4700.0,388.8,160.0,kabutan
2109,2022.03,annual,147880.0,3630.0,3657.0,112.9,60.0,kabutan
2109,2023.03,annual,163310.0,1100.0,7911.0,245.2,120.0,kabutan
2109,2024.03,annual,170774.0,4251.0,8445.0,261.7,130.0,kabutan
2109,2025.03,annual,178785.0,13840.0,6295.0,195.1,130.0,kabutan
2109,2026.03,annual,200000.0,12300.0,3900.0,125.3,130.0,kabutan
2112,2022.03,annual,25134.0,807.0,609.0,22.4,5.0,kabutan
2112,2023.03,annual,27950.0,622.0,498.0,18.3,5.0,kabutan
2112,2024.03,annual,31550.0,1495.0,1475.0,54.0,9.0,kabutan
2112,2025.03,annual,32519.0,2880.0,2136.0,77.9,15.0,kabutan
2112,2026.03,annual,32200.0,2500.0,2400.0,87.2,20.0,kabutan
2114,2022.03,annual,20096.0,1604.0,1614.0,30.1,6.5,kabutan
2114,2023.03,annual,22677.0,1814.0,1672.0,31.2,8.5,kabutan
2114,2024.03,annual,25889.0,2173.0,2370.0,44.1,16.0,kabutan
2114,2025.03,annual,28209.0,3232.0,2845.0,53.7,17.0,kabutan
2114,2026.03,annual,28700.0,3500.0,3000.0,58.5,18.0,kabutan
2117,2022.03,annual,46062.0,2164.0,1715.0,77.6,67.0,kabutan
2117,2023.03,annual,58347.0,1606.0,1062.0,43.3,70.0,kabutan
2117,2024.03,annual,92192.0,5802.0,5524.0,168.6,102.0,kabutan
2117,2025.03,annual,97069.0,8024.0,5565.0,170.1,102.0,kabutan
2117,2026.03,annual,114000.0,8500.0,5900.0,180.2,108.0,kabutan
2120,2022.09,annual,35730.0,1672.0,1180.0,9.0,2.25,kabutan
2120,2023.09,annual,36405.0,1842.0,939.0,7.3,4.26,kabutan
2120,2024.09,annual,26312.0,3027.0,-8463.0,-66.1,0.73,kabutan
2120,2025.09,annual,28127.0,3815.0,5317.0,41.5,10.41,kabutan
2120,2026.09,annual,29700.0,3000.0,1900.0,14.8,5.21,kabutan
2121,2022.03,annual,122030.0,17808.0,10262.0,139.9,110.0,kabutan
2121,2023.03,annual,146867.0,24820.0,5161.0,70.9,110.0,kabutan
2121,2024.03,annual,146868.0,19177.0,7082.0,99.7,110.0,kabutan
2121,2025.03,annual,154847.0,26600.0,17601.0,255.4,120.0,kabutan
2121,2026.03,annual,168000.0,20000.0,13000.0,199.7,120.0,kabutan
2122,2022.09,annual,7123.0,1067.0,563.0,85.6,25.0,kabutan
2122,2023.09,annual,7284.0,791.0,585.0,93.4,25.0,kabutan
2122,2024.09,annual,7909.0,555.0,59.0,9.5,30.0,kabutan
2122,2025.09,annual,8846.0,371.0,206.0,32.8,30.0,kabutan
2122,2026.09,annual,9800.0,700.0,420.0,66.9,30.0,kabutan
2124,2022.12,annual,30435.0,7044.0,5029.0,31.1,20.0,kabutan
2124,2023.12,annual,34475.0,8215.0,5978.0,37.4,22.5,kabutan
2124,2024.12,annual,39156.0,9090.0,5611.0,35.2,26.0,kabutan
2124,2025.12,annual,46089.0,11683.0,8400.0,53.0,36.0,kabutan
2124,2026.12,annual,53200.0,12600.0,8600.0,54.3,38.0,kabutan
2127,2022.03,annual,40401.0,16430.0,11437.0,34.6,18.0,kabutan
2127,2023.03,annual,41315.0,15298.0,9842.0,29.8,23.0,kabutan
2127,2024.03,annual,44136.0,16066.0,10727.0,33.0,23.0,kabutan
2127,2025.03,annual,44077.0,16715.0,10955.0,34.5,29.0,kabutan
2127,2026.03,annual,46300.0,17000.0,11000.0,34.7,29.0,kabutan
2130,2022.03,annual,14938.0,1876.0,1404.0,107.7,25.0,kabutan
2130,2023.03,annual,17662.0,1441.0,1009.0,76.2,30.0,kabutan
2130,2024.03,annual,20467.0,46.0,126.0,9.7,31.0,kabutan
2130,2025.03,annual,22329.0,493.0,349.0,27.4,32.0,kabutan
2130,2026.03,annual,24400.0,1400.0,930.0,72.8,33.0,kabutan
2134,2022.03,annual,386.0,-579.0,-1246.0,-12.7,0.0,kabutan
2134,2023.03,annual,381.0,-482.0,-904.0,-7.8,0.0,kabutan
2134,2024.03,annual,234.0,-330.0,-489.0,-3.5,0.0,kabutan
2134,2025.03,annual,701.0,-579.0,-835.0,-3.0,0.0,kabutan
2134,2026.03,annual,1910.0,-820.0,-940.0,-1.9,0.0,kabutan
2136,2022.03,annual,5188.0,453.0,403.0,101.5,30.0,kabutan
2136,2023.03,annual,5475.0,577.0,401.0,101.0,40.0,kabutan
2136,2024.03,annual,5660.0,554.0,388.0,97.9,50.0,kabutan
2136,2025.03,annual,5969.0,565.0,413.0,105.7,54.0,kabutan
2136,2026.03,annual,6261.0,568.0,385.0,101.2,70.0,kabutan
2138,2022.03,annual,15477.0,1238.0,310.0,27.9,0.0,kabutan
2138,2023.03,annual,14000.0,644.0,254.0,22.9,0.0,kabutan
2138,2024.03,annual,14270.0,161.0,1008.0,91.2,0.0,kabutan
2138,2025.03,annual,14191.0,-1025.0,-530.0,-53.7,0.0,kabutan
2138,2026.03,annual,11821.0,30.0,-170.0,-17.8,0.0,kabutan
2139,2022.03,annual,7060.0,81.0,101.0,14.9,5.0,kabutan
2139,2023.03,annual,8517.0,189.0,84.0,12.5,10.0,kabutan
2139,2024.03,annual,10237.0,304.0,192.0,28.4,12.0,kabutan
2139,2025.03,annual,11332.0,309.0,163.0,24.1,12.0,kabutan
2139,2026.03,annual,13200.0,400.0,240.0,35.3,12.0,kabutan
2146,2022.03,annual,156769.0,6257.0,3140.0,5.2,1.6,kabutan
2146,2023.03,annual,170631.0,8914.0,3831.0,6.3,0.0,kabutan
2146,2024.03,annual,167030.0,9344.0,6361.0,10.7,6.41,kabutan
2146,2025.03,annual,194748.0,8074.0,8965.0,15.0,9.0,kabutan
2146,2026.03,annual,168000.0,9500.0,6100.0,10.7,10.85,kabutan
2148,2022.03,annual,8092.0,2687.0,1800.0,90.9,23.0,kabutan
2148,2023.03,annual,8752.0,2930.0,1974.0,99.8,28.0,kabutan
2148,2024.03,annual,8001.0,2228.0,1501.0,77.0,115.0,kabutan
2148,2025.03,annual,8100.0,2028.0,1496.0,77.2,100.0,kabutan
2148,2026.03,annual,8500.0,2100.0,1500.0,77.0,100.0,kabutan
2152,2022.03,annual,6614.0,1325.0,954.0,88.4,19.0,kabutan
2152,2023.03,annual,6917.0,1453.0,1079.0,100.0,22.0,kabutan
2152,2024.03,annual,6951.0,1336.0,965.0,89.3,23.0,kabutan
2152,2025.03,annual,7073.0,1164.0,872.0,80.8,24.0,kabutan
2152,2026.03,annual,7400.0,1200.0,876.0,81.1,24.0,kabutan
2153,2022.05,annual,36668.0,4491.0,3121.0,197.5,43.0,kabutan
2153,2023.05,annual,37509.0,4451.0,3051.0,195.3,50.0,kabutan
2153,2024.05,annual,37207.0,4348.0,3032.0,193.6,55.0,kabutan
2153,2025.05,annual,42705.0,4481.0,3203.0,204.1,67.0,kabutan
2153,2026.05,annual,47000.0,5000.0,3350.0,185.6,69.0,kabutan
2154,2022.06,annual,148573.0,10103.0,6975.0,78.3,45.0,kabutan
2154,2023.06,annual,150697.0,12164.0,9533.0,109.1,50.0,kabutan
2154,2024.06,annual,173225.0,14293.0,11768.0,135.8,65.0,kabutan
2154,2025.06,annual,187954.0,16244.0,12559.0,144.6,75.0,kabutan
2154,2026.06,annual,171000.0,16500.0,11800.0,138.9,85.0,kabutan
2156,2022.03,annual,1938.0,59.0,-25.0,-6.7,4.0,kabutan
2156,2023.03,annual,2107.0,168.0,136.0,36.0,5.0,kabutan
2156,2024.03,annual,2050.0,37.0,-74.0,-19.6,6.0,kabutan
2156,2025.03,annual,2097.0,9.0,27.0,6.5,6.0,kabutan
2156,2026.03,annual,,150.0,,,6.0,kabutan
2157,2022.08,annual,37995.0,2205.0,3643.0,44.7,8.0,kabutan
2157,2023.08,annual,54629.0,7667.0,7104.0,87.1,12.0,kabutan
2157,2024.08,annual,63263.0,10164.0,6735.0,82.7,18.0,kabutan
2157,2025.08,annual,69387.0,11392.0,5258.0,64.0,24.0,kabutan
2157,2026.08,annual,82544.0,12966.0,8496.0,103.1,26.0,kabutan
2158,2022.03,annual,10932.0,1721.0,1308.0,33.4,7.0,kabutan
2158,2023.03,annual,7215.0,-1361.0,-1701.0,-43.3,0.0,kabutan
2158,2024.03,annual,7375.0,-185.0,-2843.0,-72.3,0.0,kabutan
2158,2025.03,annual,6099.0,527.0,555.0,14.1,0.0,kabutan
2158,2026.03,annual,7700.0,700.0,615.0,15.7,0.0,kabutan
2160,2022.12,annual,17418.0,1377.0,388.0,8.2,0.0,kabutan
2160,2023.12,annual,26010.0,13108.0,8094.0,169.5,0.0,kabutan
2160,2024.12,annual,23611.0,1402.0,1098.0,22.0,0.0,kabutan
2160,2025.12,annual,26840.0,-3471.0,-4244.0,-80.9,0.0,kabutan
2160,2026.12,annual,27158.0,,,,0.0,kabutan
2162,2022.03,annual,63277.0,-361.0,-1980.0,-121.2,5.0,kabutan
2162,2023.03,annual,79033.0,1537.0,505.0,32.5,6.0,kabutan
2162,2024.03,annual,72874.0,1888.0,737.0,47.4,7.0,kabutan
2162,2025.03,annual,75707.0,1650.0,630.0,39.8,14.0,kabutan
2162,2026.03,annual,75600.0,1500.0,200.0,10.4,3.0,kabutan
2163,2023.01,annual,9242.0,1194.0,895.0,84.2,60.0,kabutan
2163,2024.01,annual,10110.0,1522.0,1051.0,99.0,75.0,kabutan
2163,2025.01,annual,11125.0,1810.0,1260.0,118.6,82.0,kabutan
2163,2026.01,annual,12046.0,1821.0,1258.0,118.5,84.0,kabutan
2163,2027.01,annual,14021.0,2017.0,1248.0,117.7,86.0,kabutan
2164,2022.08,annual,2887.0,9.0,8.0,1.6,0.0,kabutan
2164,2023.08,annual,2926.0,-20.0,-51.0,-9.0,0.0,kabutan
2164,2024.08,annual,2977.0,34.0,3.0,0.8,0.0,kabutan
2164,2025.08,annual,3153.0,45.0,41.0,5.5,0.0,kabutan
2164,2026.08,annual,,,,,0.0,kabutan
2168,2022.05,annual,366096.0,22083.0,8621.0,220.2,35.0,kabutan
2168,2023.05,annual,372579.0,14377.0,6099.0,155.7,35.0,kabutan
2168,2024.05,annual,356733.0,6794.0,95891.0,2447.6,75.0,kabutan
2168,2025.05,annual,309240.0,-1237.0,-8658.0,-221.8,75.0,kabutan
2168,2026.05,annual,330000.0,2500.0,500.0,13.4,75.0,kabutan
2169,2022.12,annual,9658.0,1550.0,1006.0,147.5,60.0,kabutan
2169,2023.12,annual,9722.0,1465.0,998.0,146.4,66.0,kabutan
2169,2024.12,annual,10492.0,1506.0,1056.0,154.9,78.0,kabutan
2169,2025.12,annual,8827.0,685.0,456.0,66.9,74.0,kabutan
2169,2026.12,annual,9451.0,993.0,663.0,97.2,74.0,kabutan
2170,2022.12,annual,32776.0,3627.0,2058.0,18.5,7.7,kabutan
2170,2023.12,annual,33969.0,4623.0,2842.0,25.5,11.3,kabutan
2170,2024.12,annual,37458.0,5485.0,3691.0,34.4,12.2,kabutan
2170,2025.12,annual,41522.0,4204.0,1621.0,15.0,16.0,kabutan
2170,2026.12,annual,46700.0,6310.0,3470.0,32.1,16.4,kabutan
2173,2023.03,annual,13943.0,739.0,553.0,36.1,10.0,kabutan
2173,2023.12,annual,13136.0,1027.0,678.0,44.2,13.5,kabutan
2173,2024.12,annual,18845.0,1393.0,999.0,64.5,19.0,kabutan
2173,2025.12,annual,23336.0,2592.0,1913.0,122.6,30.0,kabutan
2173,2026.12,annual,23750.0,2248.0,1638.0,104.6,27.0,kabutan
2175,2022.03,annual,38899.0,6318.0,5408.0,62.1,10.5,kabutan
2175,2023.03,annual,45667.0,7279.0,6406.0,73.5,15.0,kabutan
2175,2024.03,annual,53973.0,8269.0,7227.0,83.0,20.0,kabutan
2175,2025.03,annual,60952.0,6335.0,6054.0,71.0,28.5,kabutan
2175,2026.03,annual,67544.0,7287.0,7029.0,85.6,29.5,kabutan
2179,2022.03,annual,12333.0,640.0,331.0,59.8,8.3,kabutan
2179,2023.03,annual,12671.0,712.0,421.0,76.0,17.0,kabutan
2179,2024.03,annual,13102.0,702.0,433.0,78.2,18.0,kabutan
2179,2025.03,annual,14287.0,778.0,461.0,83.2,19.0,kabutan
2179,2026.03,annual,15200.0,826.0,429.0,77.3,22.0,kabutan
2180,2022.06,annual,16190.0,767.0,581.0,38.6,12.0,kabutan
2180,2023.06,annual,18956.0,1296.0,884.0,59.3,15.0,kabutan
2180,2024.06,annual,17908.0,1465.0,795.0,53.3,20.0,kabutan
2180,2025.06,annual,19587.0,1597.0,948.0,63.6,22.0,kabutan
2180,2026.06,annual,23200.0,2250.0,1280.0,86.4,26.0,kabutan
2181,2022.03,annual,1060893.0,48143.0,31906.0,13.9,4.2,kabutan
2181,2023.03,annual,1242611.0,42754.0,22761.0,9.9,6.1,kabutan
2181,2024.03,annual,1327123.0,52065.0,29971.0,13.2,8.6,kabutan
2181,2025.03,annual,1451238.0,57426.0,35871.0,16.2,9.5,kabutan
2181,2026.03,annual,1540000.0,66000.0,41000.0,18.4,11.0,kabutan
2183,2022.03,annual,11555.0,1085.0,790.0,35.0,14.0,kabutan
2183,2023.03,annual,12516.0,1256.0,1004.0,44.5,14.0,kabutan
2183,2024.03,annual,12307.0,725.0,338.0,15.0,15.0,kabutan
2183,2025.03,annual,10437.0,-583.0,-539.0,-23.9,16.0,kabutan
2183,2026.03,annual,8663.0,-2138.0,-2377.0,-105.2,8.0,kabutan
2185,2022.09,annual,17917.0,2590.0,2003.0,150.6,30.0,kabutan
2185,2023.09,annual,18451.0,2617.0,1762.0,133.0,38.0,kabutan
2185,2024.09,annual,19523.0,2975.0,2078.0,156.7,44.0,kabutan
2185,2025.09,annual,18256.0,2694.0,2149.0,164.1,52.0,kabutan
2185,2026.09,annual,20000.0,3000.0,2200.0,170.3,55.0,kabutan
2186,2022.02,annual,8163.0,603.0,447.0,56.8,33.0,kabutan
2186,2023.02,annual,8159.0,643.0,683.0,86.8,33.0,kabutan
2186,2024.02,annual,8169.0,670.0,513.0,65.3,33.0,kabutan
2186,2025.02,annual,8682.0,612.0,432.0,54.9,33.0,kabutan
2186,2026.02,annual,8900.0,650.0,440.0,55.9,33.0,kabutan
2193,2022.12,annual,9086.0,-3520.0,-3488.0,-33.5,0.0,kabutan
2193,2023.12,annual,7607.0,-2799.0,-2229.0,-23.2,0.0,kabutan
2193,2024.12,annual,5876.0,673.0,1332.0,15.6,0.0,kabutan
2193,2025.12,annual,5336.0,264.0,741.0,9.6,0.0,kabutan
2193,2026.12,annual,,,,,0.0,kabutan
2195,2022.12,annual,4824.0,609.0,531.0,30.3,3.0,kabutan
2195,2023.12,annual,4536.0,472.0,308.0,17.6,4.0,kabutan
2195,2024.12,annual,4931.0,473.0,423.0,24.1,4.0,kabutan
2195,2025.12,annual,4865.0,435.0,310.0,17.7,5.0,kabutan
2195,2026.12,annual,5200.0,500.0,363.0,20.7,5.0,kabutan
2198,2022.10,annual,19056.0,1808.0,1398.0,47.5,10.0,kabutan
2198,2023.10,annual,21990.0,1955.0,1340.0,45.9,24.0,kabutan
2198,2024.10,annual,23263.0,2490.0,1702.0,59.4,24.0,kabutan
2198,2025.10,annual,22455.0,1820.0,1963.0,68.0,24.0,kabutan
2198,2026.10,annual,22850.0,1200.0,720.0,24.7,24.0,kabutan
2201,2022.03,annual,181251.0,17685.0,27773.0,276.3,45.0,kabutan
2201,2023.03,annual,194373.0,15235.0,10059.0,104.4,50.0,kabutan
2201,2024.03,annual,213368.0,20273.0,15154.0,165.6,55.0,kabutan
2201,2025.03,annual,228957.0,21266.0,17710.0,200.9,60.0,kabutan
2201,2026.03,annual,236000.0,22300.0,18200.0,216.7,65.0,kabutan
2204,2022.03,annual,33058.0,-255.0,233.0,39.0,50.0,kabutan
2204,2023.03,annual,35554.0,-246.0,-28.0,-4.7,50.0,kabutan
2204,2024.03,annual,37770.0,830.0,405.0,68.2,60.0,kabutan
2204,2025.03,annual,37248.0,1070.0,885.0,152.5,70.0,kabutan
2204,2026.03,annual,37300.0,1200.0,880.0,154.0,75.0,kabutan
2206,2022.12,annual,303921.0,12845.0,8099.0,126.6,80.0,kabutan
2206,2023.12,annual,332590.0,18622.0,14133.0,222.3,80.0,kabutan
2206,2024.12,annual,331129.0,11065.0,8113.0,127.5,90.0,kabutan
2206,2025.12,annual,361390.0,8736.0,5036.0,79.1,95.0,kabutan
2206,2026.12,annual,380000.0,14000.0,10000.0,157.1,95.0,kabutan
2207,2022.03,annual,21136.0,350.0,1816.0,107.5,26.0,kabutan
2207,2023.03,annual,22727.0,95.0,700.0,41.5,26.0,kabutan
2207,2024.03,annual,24392.0,232.0,-703.0,-41.6,28.0,kabutan
2207,2025.03,annual,28071.0,1405.0,4719.0,278.8,35.0,kabutan
2207,2026.03,annual,29500.0,1600.0,2800.0,171.8,55.0,kabutan
2208,2022.03,annual,94451.0,4117.0,3374.0,140.5,25.0,kabutan
2208,2023.03,annual,97383.0,1613.0,1096.0,45.6,26.0,kabutan
2208,2024.03,annual,103717.0,3810.0,3071.0,127.9,27.0,kabutan
2208,2025.03,annual,113475.0,7470.0,5566.0,231.2,37.0,kabutan
2208,2026.03,annual,119700.0,7300.0,5700.0,235.8,42.0,kabutan
2209,2022.03,annual,42151.0,1704.0,1473.0,112.6,26.0,kabutan
2209,2023.03,annual,44685.0,1992.0,1611.0,123.2,28.0,kabutan
2209,2024.03,annual,48222.0,2537.0,1930.0,147.6,31.0,kabutan
2209,2025.03,annual,51121.0,3005.0,2198.0,168.3,36.0,kabutan
2209,2026.03,annual,52500.0,3050.0,2250.0,175.8,36.0,kabutan
2211,2022.12,annual,100614.0,4334.0,3376.0,131.0,30.0,kabutan
2211,2023.12,annual,105534.0,1374.0,969.0,37.6,30.0,kabutan
2211,2024.12,annual,109984.0,2298.0,1672.0,64.9,30.0,kabutan
2211,2025.12,annual,119558.0,2840.0,2031.0,78.8,30.0,kabutan
2211,2026.12,annual,125000.0,3200.0,2100.0,81.5,30.0,kabutan
2212,2022.12,annual,1077009.0,22032.0,12368.0,59.1,22.0,kabutan
2212,2023.12,annual,1175562.0,41962.0,30168.0,146.2,25.0,kabutan
2212,2024.12,annual,1244488.0,51873.0,36015.0,178.6,45.0,kabutan
2212,2025.12,annual,1311430.0,61141.0,40893.0,206.8,60.0,kabutan
2212,2026.12,annual,1338000.0,64000.0,42500.0,215.8,60.0,kabutan
2215,2022.12,annual,24552.0,-547.0,-1145.0,-165.5,0.0,kabutan
2215,2023.12,annual,26442.0,597.0,474.0,68.5,0.0,kabutan
2215,2024.12,annual,27183.0,604.0,2055.0,296.8,0.0,kabutan
2215,2025.12,annual,28957.0,466.0,320.0,46.3,0.0,kabutan
2215,2026.12,annual,32900.0,370.0,180.0,26.0,0.0,kabutan
2216,2022.12,annual,25118.0,1933.0,1346.0,32.0,10.5,kabutan
2216,2023.12,annual,29015.0,3388.0,2462.0,59.0,19.33,kabutan
2216,2024.12,annual,31778.0,4284.0,3260.0,77.5,31.0,kabutan
2216,2025.12,annual,34771.0,4691.0,3378.0,80.2,32.0,kabutan
2216,2026.12,annual,36500.0,4900.0,3450.0,81.9,33.0,kabutan
2217,2023.01,annual,32505.0,2423.0,1703.0,80.7,21.67,kabutan
2217,2024.01,annual,34933.0,2474.0,1715.0,81.6,32.67,kabutan
2217,2025.01,annual,36017.0,2058.0,1414.0,68.9,27.33,kabutan
2217,2026.01,annual,36273.0,1264.0,642.0,31.9,16.0,kabutan
2217,2027.01,annual,36820.0,1310.0,770.0,38.4,16.0,kabutan
2220,2022.03,annual,85163.0,4832.0,4419.0,69.9,18.0,kabutan
2220,2023.03,annual,94992.0,3564.0,1892.0,29.9,18.33,kabutan
2220,2024.03,annual,95534.0,4467.0,2257.0,35.7,18.67,kabutan
2220,2025.03,annual,103262.0,5500.0,5417.0,85.7,19.0,kabutan
2220,2026.03,annual,137500.0,7000.0,24200.0,382.6,22.0,kabutan
2221,2022.03,annual,18043.0,-326.0,828.0,73.9,16.0,kabutan
2221,2023.03,annual,20386.0,-213.0,3970.0,354.3,18.5,kabutan
2221,2024.03,annual,22000.0,603.0,1957.0,175.4,23.0,kabutan
2221,2025.03,annual,24954.0,815.0,2909.0,279.6,30.0,kabutan
2221,2026.03,annual,29000.0,300.0,1600.0,156.0,30.0,kabutan
2222,2022.03,annual,32191.0,1402.0,1915.0,12.3,6.0,kabutan
2222,2023.03,annual,50155.0,9951.0,7018.0,45.1,14.0,kabutan
2222,2024.03,annual,64035.0,15780.0,10831.0,69.6,28.0,kabutan
2222,2025.03,annual,72349.0,17610.0,12122.0,78.0,32.0,kabutan
2222,2026.03,annual,79670.0,19650.0,13400.0,86.8,35.0,kabutan
2224,2022.03,annual,6510.0,212.0,141.0,40.6,7.0,kabutan
2224,2023.03,annual,7040.0,46.0,30.0,8.8,7.0,kabutan
2224,2024.03,annual,7309.0,81.0,42.0,12.1,7.0,kabutan
2224,2025.03,annual,7111.0,66.0,42.0,12.3,7.0,kabutan
2224,2026.03,annual,7200.0,160.0,100.0,28.8,7.0,kabutan
2226,2022.03,annual,30395.0,1089.0,758.0,71.1,22.5,kabutan
2226,2023.03,annual,44574.0,1774.0,1164.0,109.2,32.5,kabutan
2226,2024.03,annual,54829.0,3598.0,2208.0,207.0,50.0,kabutan
2226,2025.03,annual,59383.0,4019.0,2590.0,242.8,55.0,kabutan
2226,2026.03,annual,61000.0,3800.0,2400.0,225.0,55.0,kabutan
2229,2022.03,annual,245419.0,25135.0,18053.0,136.3,52.0,kabutan
2229,2023.03,annual,279315.0,22233.0,14772.0,115.2,52.0,kabutan
2229,2024.03,annual,303027.0,27304.0,19886.0,159.2,56.0,kabutan
2229,2025.03,annual,322564.0,29066.0,20874.0,167.1,58.0,kabutan
2229,2026.03,annual,339000.0,26000.0,17500.0,143.9,66.0,kabutan
2264,2022.03,annual,503354.0,29792.0,33782.0,343.7,40.0,kabutan
2264,2023.03,annual,525603.0,23939.0,16875.0,186.6,45.0,kabutan
2264,2024.03,annual,547059.0,27839.0,61307.0,696.9,60.0,kabutan
2264,2025.03,annual,561173.0,29658.0,5459.0,64.6,90.0,kabutan
2264,2026.03,annual,570000.0,33000.0,19000.0,235.5,93.0,kabutan
2266,2022.12,annual,41924.0,345.0,219.0,11.3,20.0,kabutan
2266,2023.12,annual,44296.0,626.0,446.0,22.9,25.0,kabutan
2266,2024.12,annual,42924.0,1865.0,1041.0,53.4,20.0,kabutan
2266,2025.12,annual,43293.0,1435.0,1485.0,76.3,20.0,kabutan
2266,2026.12,annual,55000.0,2300.0,1500.0,77.0,20.0,kabutan
2267,2022.03,annual,415116.0,53202.0,44917.0,140.2,36.0,kabutan
2267,2023.03,annual,483071.0,66068.0,50641.0,162.1,45.0,kabutan
2267,2024.03,annual,503079.0,63399.0,51006.0,164.5,55.5,kabutan
2267,2025.03,annual,499683.0,55391.0,45533.0,150.5,64.0,kabutan
2267,2026.03,annual,489500.0,48500.0,46500.0,159.0,70.0,kabutan
2268,2022.12,annual,22038.0,1709.0,1232.0,128.0,30.0,kabutan
2268,2023.12,annual,24760.0,1828.0,1201.0,124.7,40.0,kabutan
2268,2024.12,annual,30688.0,2363.0,1543.0,160.2,50.0,kabutan
2268,2025.12,annual,34285.0,2768.0,1770.0,183.8,80.0,kabutan
2268,2026.12,annual,35830.0,2830.0,1800.0,186.8,60.0,kabutan
2269,2022.03,annual,1013092.0,92922.0,87497.0,303.6,85.0,kabutan
2269,2023.03,annual,1062157.0,75433.0,69424.0,247.4,90.0,kabutan
2269,2024.03,annual,1105494.0,84322.0,50675.0,181.6,95.0,kabutan
2269,2025.03,annual,1154074.0,84702.0,50800.0,186.1,100.0,kabutan
2269,2026.03,annual,1177000.0,91000.0,36500.0,134.6,105.0,kabutan
2270,2022.03,annual,558403.0,18059.0,12068.0,178.7,60.0,kabutan
2270,2023.03,annual,584308.0,13054.0,9129.0,135.2,60.0,kabutan
2270,2024.03,annual,605424.0,18460.0,19430.0,287.7,80.0,kabutan
2270,2025.03,annual,615819.0,19125.0,13904.0,205.9,100.0,kabutan
2270,2026.03,annual,615000.0,19000.0,30000.0,495.5,100.0,kabutan
2281,2022.03,annual,420717.0,14037.0,9718.0,193.4,65.0,kabutan
2281,2023.03,annual,430740.0,9725.0,4505.0,89.7,65.0,kabutan
2281,2024.03,annual,448429.0,11820.0,7489.0,149.0,65.0,kabutan
2281,2025.03,annual,458354.0,8948.0,7076.0,140.8,80.0,kabutan
2281,2026.03,annual,480000.0,12000.0,8000.0,159.2,80.0,kabutan
2282,2022.03,annual,1151886.0,,48049.0,469.9,102.0,kabutan
2282,2023.03,annual,1259792.0,,16637.0,162.4,110.0,kabutan
2282,2024.03,annual,1303432.0,,28078.0,273.7,119.0,kabutan
2282,2025.03,annual,1370553.0,,26585.0,263.1,135.0,kabutan
2282,2026.03,annual,1440000.0,,34000.0,361.2,160.0,kabutan
2286,2022.03,annual,40389.0,728.0,707.0,80.6,15.0,kabutan
2286,2023.03,annual,42544.0,351.0,333.0,37.8,15.0,kabutan
2286,2024.03,annual,47376.0,698.0,749.0,85.9,15.0,kabutan
2286,2025.03,annual,49267.0,1076.0,1055.0,123.4,25.0,kabutan
2286,2026.03,annual,45500.0,1150.0,1000.0,122.5,43.0,kabutan
2288,2022.03,annual,218610.0,-865.0,-376.0,-14.9,30.0,kabutan
2288,2023.03,annual,221979.0,-1400.0,-4987.0,-198.8,20.0,kabutan
2288,2024.03,annual,228808.0,3117.0,-9414.0,-377.7,20.0,kabutan
2288,2025.03,annual,234970.0,5469.0,5488.0,222.1,50.0,kabutan
2288,2026.03,annual,238000.0,7000.0,9000.0,367.7,65.0,kabutan
2291,2022.03,annual,24420.0,-372.0,-718.0,-215.2,0.0,kabutan
2291,2023.03,annual,24895.0,-365.0,-1194.0,-358.0,0.0,kabutan
2291,2024.03,annual,25193.0,-419.0,150.0,45.0,0.0,kabutan
2291,2025.03,annual,24621.0,-621.0,-640.0,-191.9,0.0,kabutan
2291,2026.03,annual,24000.0,-700.0,410.0,122.9,0.0,kabutan
2292,2022.02,annual,358824.0,17427.0,11944.0,377.8,70.0,kabutan
2292,2023.02,annual,399208.0,14571.0,10570.0,334.3,78.0,kabutan
2292,2024.02,annual,425011.0,12673.0,9073.0,286.9,84.0,kabutan
2292,2025.02,annual,444546.0,5143.0,2667.0,84.3,89.0,kabutan
2292,2026.02,annual,468000.0,8800.0,8000.0,252.6,104.0,kabutan
2293,2022.03,annual,29477.0,107.0,174.0,85.1,20.0,kabutan
2293,2023.03,annual,29458.0,-216.0,-191.0,-93.0,0.0,kabutan
2293,2024.03,annual,28211.0,144.0,123.0,60.3,20.0,kabutan
2293,2025.03,annual,28088.0,-432.0,-495.0,-241.2,0.0,kabutan
2293,2026.03,annual,26580.0,-400.0,-220.0,-107.1,0.0,kabutan
2294,2022.02,annual,37998.0,2777.0,1704.0,162.8,100.0,kabutan
2294,2023.04,annual,43910.0,3509.0,2205.0,210.6,85.0,kabutan
2294,2024.04,annual,37052.0,2200.0,1400.0,133.7,85.0,kabutan
2294,2025.04,annual,36104.0,1500.0,701.0,71.5,85.0,kabutan
2294,2026.04,annual,36400.0,1500.0,850.0,88.7,85.0,kabutan
2296,2022.03,annual,854374.0,24611.0,19118.0,326.7,115.0,kabutan
2296,2023.03,annual,922682.0,22994.0,16975.0,294.1,120.0,kabutan
2296,2024.03,annual,955580.0,22336.0,15553.0,273.2,125.0,kabutan
2296,2025.03,annual,988771.0,19576.0,13097.0,230.9,145.0,kabutan
2296,2026.03,annual,1050000.0,27500.0,18500.0,326.0,320.0,kabutan
2300,2022.02,annual,4580.0,-442.0,-784.0,-149.0,6.0,kabutan
2300,2023.02,annual,4688.0,-177.0,-169.0,-32.3,6.0,kabutan
2300,2024.02,annual,4917.0,83.0,119.0,22.6,8.5,kabutan
2300,2025.02,annual,5380.0,96.0,83.0,15.8,11.0,kabutan
2300,2026.02,annual,5500.0,200.0,200.0,38.0,11.0,kabutan
2301,2022.10,annual,6773.0,1621.0,1396.0,99.4,43.0,kabutan
2301,2023.10,annual,8784.0,2310.0,1753.0,125.7,51.0,kabutan
2301,2024.10,annual,10730.0,2656.0,2229.0,160.8,65.0,kabutan
2301,2025.10,annual,11019.0,2332.0,1892.0,140.0,67.0,kabutan
2301,2026.10,annual,13300.0,3250.0,2480.0,184.6,75.0,kabutan
2303,2022.05,annual,1222.0,400.0,283.0,88.5,14.0,kabutan
2303,2023.05,annual,1368.0,443.0,321.0,101.1,16.0,kabutan
2303,2024.05,annual,1500.0,533.0,388.0,125.1,20.0,kabutan
2303,2025.05,annual,1646.0,574.0,418.0,136.7,24.0,kabutan
2303,2026.05,annual,1700.0,610.0,435.0,146.3,28.0,kabutan
2304,2022.09,annual,10883.0,-186.0,102.0,20.6,15.0,kabutan
2304,2023.09,annual,14832.0,276.0,230.0,46.1,17.0,kabutan
2304,2024.09,annual,17631.0,595.0,429.0,85.9,30.0,kabutan
2304,2025.09,annual,19499.0,717.0,587.0,117.4,45.0,kabutan
2304,2026.09,annual,20200.0,800.0,590.0,118.9,35.0,kabutan
2305,2022.02,annual,40672.0,6015.0,3614.0,212.8,70.0,kabutan
2305,2023.02,annual,38564.0,4017.0,2257.0,132.9,70.0,kabutan
2305,2024.02,annual,36396.0,2283.0,1157.0,68.2,70.0,kabutan
2305,2025.02,annual,35598.0,3021.0,1365.0,80.4,50.0,kabutan
2305,2026.02,annual,33780.0,2870.0,1450.0,85.4,50.0,kabutan
2307,2022.03,annual,12119.0,1109.0,765.0,51.0,16.0,kabutan
2307,2023.03,annual,13835.0,1461.0,1019.0,67.9,37.0,kabutan
2307,2024.03,annual,14931.0,1521.0,1311.0,90.3,28.0,kabutan
2307,2025.03,annual,16194.0,1836.0,1316.0,93.2,33.0,kabutan
2307,2026.03,annual,17100.0,1930.0,1350.0,96.5,37.0,kabutan
2311,2022.12,annual,4818.0,65.0,359.0,40.3,32.0,kabutan
2311,2023.12,annual,5059.0,161.0,626.0,70.1,32.0,kabutan
2311,2024.12,annual,5607.0,334.0,327.0,36.6,32.0,kabutan
2311,2025.12,annual,6252.0,376.0,424.0,47.5,35.0,kabutan
2311,2026.12,annual,6680.0,399.0,485.0,54.2,32.0,kabutan
2315,2022.10,annual,6442.0,-1389.0,-6244.0,-54.7,0.0,kabutan
2315,2023.10,annual,5679.0,-2653.0,-4280.0,-34.7,0.0,kabutan
2315,2024.10,annual,5606.0,115.0,30.0,0.2,0.0,kabutan
2315,2025.10,annual,5195.0,70.0,166.0,1.2,0.0,kabutan
2315,2026.10,annual,6166.0,107.0,91.0,0.5,,kabutan
2317,2022.03,annual,65272.0,9106.0,5992.0,15.5,6.0,kabutan
2317,2023.03,annual,74526.0,9844.0,7317.0,18.9,8.0,kabutan
2317,2024.03,annual,76940.0,9713.0,7232.0,18.7,10.0,kabutan
2317,2025.03,annual,83621.0,12067.0,8480.0,23.2,12.0,kabutan
2317,2026.03,annual,90200.0,14500.0,10360.0,29.0,13.0,kabutan
2321,2022.03,annual,377.0,-17.0,-29.0,-1.0,0.0,kabutan
2321,2023.03,annual,763.0,-52.0,-59.0,-1.9,0.0,kabutan
2321,2024.03,annual,889.0,-164.0,-317.0,-10.3,0.0,kabutan
2321,2025.03,annual,823.0,28.0,-81.0,-2.6,0.0,kabutan
2321,2026.03,annual,950.0,-163.0,-151.0,-2.9,0.0,kabutan
2323,2022.03,annual,556.0,10.0,-17.0,-0.9,0.0,kabutan
2323,2023.03,annual,638.0,43.0,40.0,2.0,0.0,kabutan
2323,2024.03,annual,699.0,74.0,68.0,3.4,0.0,kabutan
2323,2025.03,annual,1268.0,149.0,169.0,8.2,1.0,kabutan
2323,2026.03,annual,2101.0,266.0,326.0,15.5,0.0,kabutan
2325,2022.12,annual,19231.0,1934.0,1726.0,181.0,75.0,kabutan
2325,2023.12,annual,22027.0,1618.0,1997.0,209.3,85.0,kabutan
2325,2024.12,annual,22594.0,2993.0,2115.0,222.2,95.0,kabutan
2325,2025.12,annual,24854.0,3268.0,2182.0,229.2,105.0,kabutan
2325,2026.12,annual,28000.0,3600.0,2450.0,257.3,110.0,kabutan
2326,2022.03,annual,9051.0,4126.0,2900.0,206.7,70.0,kabutan
2326,2023.03,annual,10436.0,4413.0,3062.0,218.1,75.0,kabutan
2326,2024.03,annual,11512.0,4427.0,4377.0,315.5,80.0,kabutan
2326,2025.03,annual,9982.0,4558.0,3183.0,232.8,85.0,kabutan
2326,2026.03,annual,11800.0,5607.0,3880.0,288.6,95.0,kabutan
2327,2022.03,annual,270332.0,29886.0,20521.0,112.1,33.0,kabutan
2327,2023.03,annual,291688.0,31738.0,22000.0,120.2,37.5,kabutan
2327,2024.03,annual,310632.0,35001.0,24241.0,132.5,42.5,kabutan
2327,2025.03,annual,338301.0,38497.0,27049.0,147.8,74.0,kabutan
2327,2026.03,annual,377000.0,43000.0,29200.0,159.6,80.0,kabutan
2329,2022.03,annual,52758.0,4135.0,3068.0,22.8,6.33,kabutan
2329,2023.03,annual,55922.0,4201.0,3133.0,23.2,6.33,kabutan
2329,2024.03,annual,52819.0,2678.0,4021.0,29.8,26.0,kabutan
2329,2025.03,annual,45686.0,2682.0,8363.0,62.0,26.52,kabutan
2329,2026.03,annual,,,,,27.06,kabutan
2330,2022.12,annual,4988.0,-75.0,-107.0,-3.3,0.0,kabutan
2330,2023.12,annual,4817.0,52.0,113.0,3.3,0.0,kabutan
2330,2024.12,annual,5340.0,50.0,64.0,1.6,0.0,kabutan
2330,2025.12,annual,8748.0,463.0,440.0,10.2,0.0,kabutan
2330,2026.12,annual,5998.0,108.0,80.0,1.8,,kabutan
2331,2022.03,annual,489092.0,41814.0,28234.0,57.2,16.4,kabutan
2331,2023.03,annual,492226.0,35961.0,23234.0,45.9,17.2,kabutan
2331,2024.03,annual,521400.0,38078.0,26630.0,53.0,23.7,kabutan
2331,2025.03,annual,551881.0,40201.0,27105.0,55.4,25.8,kabutan
2331,2026.03,annual,598000.0,48500.0,32900.0,67.7,29.2,kabutan
2332,2022.03,annual,11807.0,958.0,690.0,133.1,43.0,kabutan
2332,2023.03,annual,14201.0,976.0,690.0,129.3,46.0,kabutan
2332,2024.03,annual,14224.0,997.0,696.0,130.1,49.0,kabutan
2332,2025.03,annual,14936.0,1055.0,767.0,143.3,58.0,kabutan
2332,2026.03,annual,16860.0,1180.0,845.0,164.8,55.0,kabutan
2334,2022.03,annual,2086.0,-40.0,-147.0,-6.2,0.0,kabutan
2334,2023.03,annual,3564.0,55.0,36.0,1.5,0.0,kabutan
2334,2024.03,annual,3817.0,41.0,36.0,1.4,0.0,kabutan
2334,2025.03,annual,3549.0,-20.0,-493.0,-18.6,0.0,kabutan
2334,2026.03,annual,13257.0,201.0,-505.0,-12.3,0.0,kabutan
2335,2022.03,annual,16099.0,1417.0,944.0,69.8,23.0,kabutan
2335,2023.03,annual,16325.0,1452.0,989.0,70.4,50.0,kabutan
2335,2024.03,annual,18021.0,1536.0,1067.0,70.4,35.0,kabutan
2335,2025.03,annual,18351.0,1380.0,1261.0,83.8,40.0,kabutan
2335,2026.03,annual,19500.0,1750.0,1220.0,80.4,42.0,kabutan
2337,2022.02,annual,56934.0,10018.0,6473.0,13.8,7.0,kabutan
2337,2023.02,annual,68093.0,12492.0,9409.0,20.5,8.0,kabutan
2337,2024.02,annual,82747.0,12960.0,12108.0,26.9,9.0,kabutan
2337,2025.02,annual,83576.0,16309.0,15187.0,34.9,10.5,kabutan
2337,2026.02,annual,,19500.0,16000.0,39.6,11.5,kabutan
2338,2022.02,annual,256.0,-360.0,-280.0,-8.3,0.0,kabutan
2338,2023.02,annual,264.0,-394.0,-954.0,-25.4,0.0,kabutan
2338,2024.02,annual,205.0,-942.0,-902.0,-21.7,0.0,kabutan
2338,2025.02,annual,698.0,-477.0,-317.0,-7.1,0.0,kabutan
2338,2026.02,annual,,,,,0.0,kabutan
2340,2022.03,annual,10036.0,-568.0,-1979.0,-99.2,0.0,kabutan
2340,2023.03,annual,12768.0,40.0,-304.0,-14.2,0.0,kabutan
2340,2024.03,annual,14082.0,748.0,697.0,24.7,0.0,kabutan
2340,2025.03,annual,15164.0,1140.0,769.0,24.7,0.0,kabutan
2340,2026.03,annual,,,,,0.0,kabutan
2341,2023.02,annual,4044.0,54.0,44.0,1.7,3.0,kabutan
2341,2024.02,annual,4318.0,107.0,-32.0,-1.3,5.0,kabutan
2341,2025.02,annual,4160.0,68.0,-467.0,-25.6,5.0,kabutan
2341,2026.02,annual,4719.0,160.0,189.0,10.3,5.0,kabutan
2341,2027.02,annual,5024.0,280.0,139.0,7.6,5.0,kabutan
2342,2022.03,annual,12576.0,1837.0,1876.0,109.5,6.0,kabutan
2342,2023.03,annual,11429.0,-25.0,-409.0,-24.3,5.0,kabutan
2342,2024.03,annual,13083.0,89.0,4.0,0.2,3.0,kabutan
2342,2025.03,annual,13005.0,-259.0,-1089.0,-65.5,0.0,kabutan
2342,2026.03,annual,13500.0,150.0,40.0,2.4,0.0,kabutan
2344,2022.03,annual,8972.0,1232.0,931.0,76.0,27.0,kabutan
2344,2023.03,annual,9669.0,1492.0,1053.0,86.3,28.0,kabutan
2344,2024.03,annual,10081.0,1631.0,888.0,73.3,30.0,kabutan
2344,2025.03,annual,10597.0,1742.0,1362.0,113.7,34.0,kabutan
2344,2026.03,annual,10982.0,1888.0,1351.0,114.2,18.0,kabutan
2345,2022.10,annual,1603.0,186.0,605.0,48.5,0.0,kabutan
2345,2023.10,annual,40.0,-1265.0,-2742.0,-186.4,0.0,kabutan
2345,2024.10,annual,1613.0,-1133.0,-1960.0,-114.6,0.0,kabutan
2345,2025.10,annual,26.0,-488.0,-1365.0,-77.1,0.0,kabutan
2345,2026.10,annual,,,,,0.0,kabutan
2349,2022.03,annual,18251.0,2226.0,1631.0,145.7,23.0,kabutan
2349,2023.03,annual,20449.0,2544.0,2210.0,199.0,26.0,kabutan
2349,2024.03,annual,22571.0,2809.0,2108.0,191.8,27.0,kabutan
2349,2025.03,annual,24968.0,3077.0,2367.0,216.7,28.0,kabutan
2349,2026.03,annual,25000.0,3100.0,2270.0,207.8,29.0,kabutan
2351,2022.03,annual,2491.0,-484.0,-484.0,-61.1,2.0,kabutan
2351,2023.03,annual,2753.0,78.0,62.0,7.9,2.0,kabutan
2351,2024.03,annual,2846.0,102.0,112.0,14.1,2.0,kabutan
2351,2025.03,annual,2741.0,161.0,246.0,31.0,3.0,kabutan
2351,2026.03,annual,2800.0,110.0,70.0,9.0,3.0,kabutan
2353,2022.07,annual,26271.0,4582.0,3125.0,9.6,5.0,kabutan
2353,2023.07,annual,31855.0,6201.0,4408.0,13.8,5.25,kabutan
2353,2024.07,annual,32693.0,6461.0,5104.0,16.1,5.5,kabutan
2353,2025.07,annual,36832.0,7659.0,4799.0,15.1,8.0,kabutan
2353,2026.07,annual,40800.0,8500.0,5700.0,18.0,9.0,kabutan
